Group,Item,Condition,Item_type,ConjunctType,ConjunctOrder,Agreement,Sentence,Verb
A,1,a,experimental,proper,preverbal,FCA,Ben ve Yıldız uzun zaman bekledim.,bekle-
B,1,b,experimental,proper,preverbal,LCA,Ben ve Yıldız uzun zaman bekledi.,bekle-
C,1,c,experimental,proper,preverbal,RA,Ben ve Yıldız uzun zaman bekledik.,bekle-
D,1,d,experimental,pronoun,preverbal,FCA,Ben ve sen uzun zaman bekledim.,bekle-
E,1,e,experimental,pronoun,preverbal,LCA,Ben ve sen uzun zaman bekledin.,bekle-
F,1,f,experimental,pronoun,preverbal,RA,Ben ve sen uzun zaman bekledik.,bekle-
G,1,g,experimental,proper,postverbal,FCA,Bekledi uzun zaman Yıldız ve ben.,bekle-
H,1,h,experimental,proper,postverbal,LCA,Bekledim uzun zaman Yıldız ve ben.,bekle-
I,1,i,experimental,proper,postverbal,RA,Bekledik uzun zaman Yıldız ve ben.,bekle-
J,1,j,experimental,pronoun,postverbal,FCA,Bekledin uzun zaman sen ve ben.,bekle-
K,1,k,experimental,pronoun,postverbal,LCA,Bekledim uzun zaman sen ve ben.,bekle-
L,1,l,experimental,pronoun,postverbal,RA,Bekledik uzun zaman sen ve ben.,bekle-
B,2,a,experimental,proper,preverbal,FCA,Ben ve Selim geçen gün telaşlandım.,telaşlan-
C,2,b,experimental,proper,preverbal,LCA,Ben ve Selim geçen gün telaşlandı.,telaşlan-
D,2,c,experimental,proper,preverbal,RA,Ben ve Selim geçen gün telaşlandık.,telaşlan-
E,2,d,experimental,pronoun,preverbal,FCA,Ben ve sen geçen gün telaşlandım.,telaşlan-
F,2,e,experimental,pronoun,preverbal,LCA,Ben ve sen geçen gün telaşlandın.,telaşlan-
G,2,f,experimental,pronoun,preverbal,RA,Ben ve sen geçen gün telaşlandık.,telaşlan-
H,2,g,experimental,proper,postverbal,FCA,Telaşlandı geçen gün Selim ve ben.,telaşlan-
I,2,h,experimental,proper,postverbal,LCA,Telaşlandım geçen gün Selim ve ben.,telaşlan-
J,2,i,experimental,proper,postverbal,RA,Telaşlandık geçen gün Selim ve ben.,telaşlan-
K,2,j,experimental,pronoun,postverbal,FCA,Telaşlandın geçen gün sen ve ben.,telaşlan-
L,2,k,experimental,pronoun,postverbal,LCA,Telaşlandım geçen gün sen ve ben.,telaşlan-
A,2,l,experimental,pronoun,postverbal,RA,Telaşlandık geçen gün sen ve ben.,telaşlan-
C,3,a,experimental,proper,preverbal,FCA,Ben ve Ömer geçen yaz taşındım.,taşın-
D,3,b,experimental,proper,preverbal,LCA,Ben ve Ömer geçen yaz taşındı.,taşın-
E,3,c,experimental,proper,preverbal,RA,Ben ve Ömer geçen yaz taşındık.,taşın-
F,3,d,experimental,pronoun,preverbal,FCA,Ben ve sen geçen yaz taşındım.,taşın-
G,3,e,experimental,pronoun,preverbal,LCA,Ben ve sen geçen yaz taşındın.,taşın-
H,3,f,experimental,pronoun,preverbal,RA,Ben ve sen geçen yaz taşındık.,taşın-
I,3,g,experimental,proper,postverbal,FCA,Taşındı geçen yaz Ömer ve ben.,taşın-
J,3,h,experimental,proper,postverbal,LCA,Taşındım geçen yaz Ömer ve ben.,taşın-
K,3,i,experimental,proper,postverbal,RA,Taşındık geçen yaz Ömer ve ben.,taşın-
L,3,j,experimental,pronoun,postverbal,FCA,Taşındın geçen yaz sen ve ben.,taşın-
A,3,k,experimental,pronoun,postverbal,LCA,Taşındım geçen yaz sen ve ben.,taşın-
B,3,l,experimental,pronoun,postverbal,RA,Taşındık geçen yaz sen ve ben.,taşın-
D,4,a,experimental,proper,preverbal,FCA,Ben ve Sevgi birkaç dakika güldüm.,gül-
E,4,b,experimental,proper,preverbal,LCA,Ben ve Sevgi birkaç dakika güldü.,gül-
F,4,c,experimental,proper,preverbal,RA,Ben ve Sevgi birkaç dakika güldük.,gül-
G,4,d,experimental,pronoun,preverbal,FCA,Ben ve sen birkaç dakika güldüm.,gül-
H,4,e,experimental,pronoun,preverbal,LCA,Ben ve sen birkaç dakika güldün.,gül-
I,4,f,experimental,pronoun,preverbal,RA,Ben ve sen birkaç dakika güldük.,gül-
J,4,g,experimental,proper,postverbal,FCA,Güldü birkaç dakika Sevgi ve ben.,gül-
K,4,h,experimental,proper,postverbal,LCA,Güldüm birkaç dakika Sevgi ve ben.,gül-
L,4,i,experimental,proper,postverbal,RA,Güldük birkaç dakika Sevgi ve ben.,gül-
A,4,j,experimental,pronoun,postverbal,FCA,Güldün birkaç dakika sen ve ben.,gül-
B,4,k,experimental,pronoun,postverbal,LCA,Güldüm birkaç dakika sen ve ben.,gül-
C,4,l,experimental,pronoun,postverbal,RA,Güldük birkaç dakika sen ve ben.,gül-
E,5,a,experimental,proper,preverbal,FCA,Ben ve Ahmet bu fotoğraflarda gülmüşüm.,gül-
F,5,b,experimental,proper,preverbal,LCA,Ben ve Ahmet bu fotoğraflarda gülmüş.,gül-
G,5,c,experimental,proper,preverbal,RA,Ben ve Ahmet bu fotoğraflarda gülmüşüz.,gül-
H,5,d,experimental,pronoun,preverbal,FCA,Ben ve sen bu fotoğraflarda gülmüşüm.,gül-
I,5,e,experimental,pronoun,preverbal,LCA,Ben ve sen bu fotoğraflarda gülmüşsün.,gül-
J,5,f,experimental,pronoun,preverbal,RA,Ben ve sen bu fotoğraflarda gülmüşüz.,gül-
K,5,g,experimental,proper,postverbal,FCA,Gülmüş bu fotoğraflarda Ahmet ve ben.,gül-
L,5,h,experimental,proper,postverbal,LCA,Gülmüşüm bu fotoğraflarda Ahmet ve ben.,gül-
A,5,i,experimental,proper,postverbal,RA,Gülmüşüz bu fotoğraflarda Ahmet ve ben.,gül-
B,5,j,experimental,pronoun,postverbal,FCA,Gülmüşsün bu fotoğraflarda sen ve ben.,gül-
C,5,k,experimental,pronoun,postverbal,LCA,Gülmüşüm bu fotoğraflarda sen ve ben.,gül-
D,5,l,experimental,pronoun,postverbal,RA,Gülmüşüz bu fotoğraflarda sen ve ben.,gül-
F,6,a,experimental,proper,preverbal,FCA,Ben ve Seçil saatler öncesinden vardım.,var-
G,6,b,experimental,proper,preverbal,LCA,Ben ve Seçil saatler öncesinden vardı.,var-
H,6,c,experimental,proper,preverbal,RA,Ben ve Seçil saatler öncesinden vardık.,var-
I,6,d,experimental,pronoun,preverbal,FCA,Ben ve sen saatler öncesinden vardım.,var-
J,6,e,experimental,pronoun,preverbal,LCA,Ben ve sen saatler öncesinden vardın.,var-
K,6,f,experimental,pronoun,preverbal,RA,Ben ve sen saatler öncesinden vardık.,var-
L,6,g,experimental,proper,postverbal,FCA,Vardı saatler öncesinden Seçil ve ben.,var-
A,6,h,experimental,proper,postverbal,LCA,Vardım saatler öncesinden Seçil ve ben.,var-
B,6,i,experimental,proper,postverbal,RA,Vardık saatler öncesinden Seçil ve ben.,var-
C,6,j,experimental,pronoun,postverbal,FCA,Vardın saatler öncesinden sen ve ben.,var-
D,6,k,experimental,pronoun,postverbal,LCA,Vardım saatler öncesinden sen ve ben.,var-
E,6,l,experimental,pronoun,postverbal,RA,Vardık saatler öncesinden sen ve ben.,var-
G,7,a,experimental,proper,preverbal,FCA,Ben ve Cemil otelin lobisinde bekledim.,bekle-
H,7,b,experimental,proper,preverbal,LCA,Ben ve Cemil otelin lobisinde bekledi.,bekle-
I,7,c,experimental,proper,preverbal,RA,Ben ve Cemil otelin lobisinde bekledik.,bekle-
J,7,d,experimental,pronoun,preverbal,FCA,Ben ve sen otelin lobisinde bekledim.,bekle-
K,7,e,experimental,pronoun,preverbal,LCA,Ben ve sen otelin lobisinde bekledin.,bekle-
L,7,f,experimental,pronoun,preverbal,RA,Ben ve sen otelin lobisinde bekledik.,bekle-
A,7,g,experimental,proper,postverbal,FCA,Bekledi otelin lobisinde Cemil ve ben.,bekle-
B,7,h,experimental,proper,postverbal,LCA,Bekledim otelin lobisinde Cemil ve ben.,bekle-
C,7,i,experimental,proper,postverbal,RA,Bekledik otelin lobisinde Cemil ve ben.,bekle-
D,7,j,experimental,pronoun,postverbal,FCA,Bekledin otelin lobisinde sen ve ben.,bekle-
E,7,k,experimental,pronoun,postverbal,LCA,Bekledim otelin lobisinde sen ve ben.,bekle-
F,7,l,experimental,pronoun,postverbal,RA,Bekledik otelin lobisinde sen ve ben.,bekle-
H,8,a,experimental,proper,preverbal,FCA,Ben ve Ege yıllar önce istifa ettim.,istifa et-
I,8,b,experimental,proper,preverbal,LCA,Ben ve Ege yıllar önce istifa etti.,istifa et-
J,8,c,experimental,proper,preverbal,RA,Ben ve Ege yıllar önce istifa ettik.,istifa et-
K,8,d,experimental,pronoun,preverbal,FCA,Ben ve sen yıllar önce istifa ettim.,istifa et-
L,8,e,experimental,pronoun,preverbal,LCA,Ben ve sen yıllar önce istifa ettin.,istifa et-
A,8,f,experimental,pronoun,preverbal,RA,Ben ve sen yıllar önce istifa ettik.,istifa et-
B,8,g,experimental,proper,postverbal,FCA,İstifa etti yıllar önce Ege ve ben.,istifa et-
C,8,h,experimental,proper,postverbal,LCA,İstifa ettim yıllar önce Ege ve ben.,istifa et-
D,8,i,experimental,proper,postverbal,RA,İstifa ettik yıllar önce Ege ve ben.,istifa et-
E,8,j,experimental,pronoun,postverbal,FCA,İstifa ettin yıllar önce sen ve ben.,istifa et-
F,8,k,experimental,pronoun,postverbal,LCA,İstifa ettim yıllar önce sen ve ben.,istifa et-
G,8,l,experimental,pronoun,postverbal,RA,İstifa ettik yıllar önce sen ve ben.,istifa et-
I,9,a,experimental,proper,preverbal,FCA,Ben ve Simge aylar öncesinden karar vermiştim.,karar ver-
J,9,b,experimental,proper,preverbal,LCA,Ben ve Simge aylar öncesinden karar vermişti.,karar ver-
K,9,c,experimental,proper,preverbal,RA,Ben ve Simge aylar öncesinden karar vermiştik.,karar ver-
L,9,d,experimental,pronoun,preverbal,FCA,Ben ve sen aylar öncesinden karar vermiştim.,karar ver-
A,9,e,experimental,pronoun,preverbal,LCA,Ben ve sen aylar öncesinden karar vermiştin.,karar ver-
B,9,f,experimental,pronoun,preverbal,RA,Ben ve sen aylar öncesinden karar vermiştik.,karar ver-
C,9,g,experimental,proper,postverbal,FCA,Karar vermişti aylar öncesinden Simge ve ben.,karar ver-
D,9,h,experimental,proper,postverbal,LCA,Karar vermiştim aylar öncesinden Simge ve ben.,karar ver-
E,9,i,experimental,proper,postverbal,RA,Karar vermiştik aylar öncesinden Simge ve ben.,karar ver-
F,9,j,experimental,pronoun,postverbal,FCA,Karar vermiştin aylar öncesinden sen ve ben.,karar ver-
G,9,k,experimental,pronoun,postverbal,LCA,Karar vermiştim aylar öncesinden sen ve ben.,karar ver-
H,9,l,experimental,pronoun,postverbal,RA,Karar vermiştik aylar öncesinden sen ve ben.,karar ver-
J,10,a,experimental,proper,preverbal,FCA,Ben ve Mustafa ödüller için gururlandım.,gururlan-
K,10,b,experimental,proper,preverbal,LCA,Ben ve Mustafa ödüller için gururlandı.,gururlan-
L,10,c,experimental,proper,preverbal,RA,Ben ve Mustafa ödüller için gururlandık.,gururlan-
A,10,d,experimental,pronoun,preverbal,FCA,Ben ve sen ödüller için gururlandım.,gururlan-
B,10,e,experimental,pronoun,preverbal,LCA,Ben ve sen ödüller için gururlandın.,gururlan-
C,10,f,experimental,pronoun,preverbal,RA,Ben ve sen ödüller için gururlandık.,gururlan-
D,10,g,experimental,proper,postverbal,FCA,Gururlandı ödüller için Mustafa ve ben. ,gururlan-
E,10,h,experimental,proper,postverbal,LCA,Gururlandım ödüller için Mustafa ve ben. ,gururlan-
F,10,i,experimental,proper,postverbal,RA,Gururlandık ödüller için Mustafa ve ben. ,gururlan-
G,10,j,experimental,pronoun,postverbal,FCA,Gururlandın ödüller için sen ve ben. ,gururlan-
H,10,k,experimental,pronoun,postverbal,LCA,Gururlandım ödüller için sen ve ben. ,gururlan-
I,10,l,experimental,pronoun,postverbal,RA,Gururlandık ödüller için sen ve ben. ,gururlan-
K,11,a,experimental,proper,preverbal,FCA,Ben ve Burcu günler öncesinde rahatladım.,rahatla-
L,11,b,experimental,proper,preverbal,LCA,Ben ve Burcu günler öncesinde rahatladı.,rahatla-
A,11,c,experimental,proper,preverbal,RA,Ben ve Burcu günler öncesinde rahatladık.,rahatla-
B,11,d,experimental,pronoun,preverbal,FCA,Ben ve sen günler öncesinden rahatladım.,rahatla-
C,11,e,experimental,pronoun,preverbal,LCA,Ben ve sen günler öncesinden rahatladın.,rahatla-
D,11,f,experimental,pronoun,preverbal,RA,Ben ve sen günler öncesinden rahatladık.,rahatla-
E,11,g,experimental,proper,postverbal,FCA,Rahatladı günler öncesinde Burcu ve ben.,rahatla-
F,11,h,experimental,proper,postverbal,LCA,Rahatladım günler öncesinde Burcu ve ben.,rahatla-
G,11,i,experimental,proper,postverbal,RA,Rahatladık günler öncesinde Burcu ve ben.,rahatla-
H,11,j,experimental,pronoun,postverbal,FCA,Rahatladın günler öncesinden sen ve ben.,rahatla-
I,11,k,experimental,pronoun,postverbal,LCA,Rahatladım günler öncesinden sen ve ben.,rahatla-
J,11,l,experimental,pronoun,postverbal,RA,Rahatladık günler öncesinden sen ve ben.,rahatla-
L,12,a,experimental,proper,preverbal,FCA,Ben ve Melike geçen partide bulundum.,açıkla-
A,12,b,experimental,proper,preverbal,LCA,Ben ve Melike geçen partide bulundu.,açıkla-
B,12,c,experimental,proper,preverbal,RA,Ben ve Melike geçen partide bulunduk.,açıkla-
C,12,d,experimental,pronoun,preverbal,FCA,Ben ve sen geçen partide bulundum.,açıkla-
D,12,e,experimental,pronoun,preverbal,LCA,Ben ve sen geçen partide bulundun.,açıkla-
E,12,f,experimental,pronoun,preverbal,RA,Ben ve sen geçen partide bulunduk.,açıkla-
F,12,g,experimental,proper,postverbal,FCA,Bulundu geçen partide Melike ve ben.,açıkla-
G,12,h,experimental,proper,postverbal,LCA,Bulundum geçen partide Melike ve ben.,açıkla-
H,12,i,experimental,proper,postverbal,RA,Bulunduk geçen partide Melike ve ben.,açıkla-
I,12,j,experimental,pronoun,postverbal,FCA,Bulundun geçen partide sen ve ben.,açıkla-
J,12,k,experimental,pronoun,postverbal,LCA,Bulundum geçen partide sen ve ben.,açıkla-
K,12,l,experimental,pronoun,postverbal,RA,Bulunduk geçen partide sen ve ben.,açıkla-
A,13,a,experimental,proper,preverbal,FCA,Ben ve Ali günler öncesinden karar vermiştim.,karar ver-
B,13,b,experimental,proper,preverbal,LCA,Ben ve Ali günler öncesinden karar vermişti.,karar ver-
C,13,c,experimental,proper,preverbal,RA,Ben ve Ali günler öncesinden karar vermiştik.,karar ver-
D,13,d,experimental,pronoun,preverbal,FCA,Ben ve sen günler öncesinden karar vermiştim.,karar ver-
E,13,e,experimental,pronoun,preverbal,LCA,Ben ve sen günler öncesinden karar vermiştin.,karar ver-
F,13,f,experimental,pronoun,preverbal,RA,Ben ve sen günler öncesinden karar vermiştik.,karar ver-
G,13,g,experimental,proper,postverbal,FCA,Karar vermişti günler öncesinden Ali ve ben.,karar ver-
H,13,h,experimental,proper,postverbal,LCA,Karar vermiştim günler öncesinden Ali ve ben.,karar ver-
I,13,i,experimental,proper,postverbal,RA,Karar vermiştik günler öncesinden Ali ve ben.,karar ver-
J,13,j,experimental,pronoun,postverbal,FCA,Karar vermiştin günler öncesinden sen ve ben.,karar ver-
K,13,k,experimental,pronoun,postverbal,LCA,Karar vermiştim günler öncesinden sen ve ben.,karar ver-
L,13,l,experimental,pronoun,postverbal,RA,Karar vermiştik günler öncesinden sen ve ben.,karar ver-
B,14,a,experimental,proper,preverbal,FCA,Ben ve Mesut okulun bahçesinde beklemiştim.,bekle-
C,14,b,experimental,proper,preverbal,LCA,Ben ve Mesut okulun bahçesinde beklemişti.,bekle-
D,14,c,experimental,proper,preverbal,RA,Ben ve Mesut okulun bahçesinde beklemiştik.,bekle-
E,14,d,experimental,pronoun,preverbal,FCA,Ben ve sen okulun bahçesinde beklemiştim.,bekle-
F,14,e,experimental,pronoun,preverbal,LCA,Ben ve sen okulun bahçesinde beklemiştin.,bekle-
G,14,f,experimental,pronoun,preverbal,RA,Ben ve sen okulun bahçesinde beklemiştik.,bekle-
H,14,g,experimental,proper,postverbal,FCA,Beklemişti okulun bahçesinde Mesut ve ben.,bekle-
I,14,h,experimental,proper,postverbal,LCA,Beklemiştim okulun bahçesinde Mesut ve ben.,bekle-
J,14,i,experimental,proper,postverbal,RA,Beklemiştik okulun bahçesinde Mesut ve ben.,bekle-
K,14,j,experimental,pronoun,postverbal,FCA,Beklemiştin okulun bahçesinde sen ve ben.,bekle-
L,14,k,experimental,pronoun,postverbal,LCA,Beklemiştim okulun bahçesinde sen ve ben.,bekle-
A,14,l,experimental,pronoun,postverbal,RA,Beklemiştik okulun bahçesinde sen ve ben.,bekle-
C,15,a,experimental,proper,preverbal,FCA,Ben ve Fatma tüm sınavlarda gerildim.,geril-
D,15,b,experimental,proper,preverbal,LCA,Ben ve Fatma tüm sınavlarda gerildi.,geril-
E,15,c,experimental,proper,preverbal,RA,Ben ve Fatma tüm sınavlarda gerildik.,geril-
F,15,d,experimental,pronoun,preverbal,FCA,Ben ve sen tüm sınavlarda gerildim.,geril-
G,15,e,experimental,pronoun,preverbal,LCA,Ben ve sen tüm sınavlarda gerildin.,geril-
H,15,f,experimental,pronoun,preverbal,RA,Ben ve sen tüm sınavlarda gerildik.,geril-
I,15,g,experimental,proper,postverbal,FCA,Gerildi tüm sınavlarda Fatma ve ben.,geril-
J,15,h,experimental,proper,postverbal,LCA,Gerildim tüm sınavlarda Fatma ve ben.,geril-
K,15,i,experimental,proper,postverbal,RA,Gerildik tüm sınavlarda Fatma ve ben.,geril-
L,15,j,experimental,pronoun,postverbal,FCA,Gerildin tüm sınavlarda sen ve ben.,geril-
A,15,k,experimental,pronoun,postverbal,LCA,Gerildim tüm sınavlarda sen ve ben.,geril-
B,15,l,experimental,pronoun,postverbal,RA,Gerildik tüm sınavlarda sen ve ben.,geril-
D,16,a,experimental,proper,preverbal,FCA,Ben ve Fehime bu konuda üzülmüştüm.,üzül-
E,16,b,experimental,proper,preverbal,LCA,Ben ve Fehime bu konuda üzülmüştü.,üzül-
F,16,c,experimental,proper,preverbal,RA,Ben ve Fehime bu konuda üzülmüştük.,üzül-
G,16,d,experimental,pronoun,preverbal,FCA,Ben ve sen bu konuda üzülmüştüm.,üzül-
H,16,e,experimental,pronoun,preverbal,LCA,Ben ve sen bu konuda üzülmüştün.,üzül-
I,16,f,experimental,pronoun,preverbal,RA,Ben ve sen bu konuda üzülmüştük.,üzül-
J,16,g,experimental,proper,postverbal,FCA,Üzüldü bu konuda Fatma ve ben.,üzül-
K,16,h,experimental,proper,postverbal,LCA,Üzüldüm bu konuda Fatma ve ben.,üzül-
L,16,i,experimental,proper,postverbal,RA,Üzüldük bu konuda Fatma ve ben.,üzül-
A,16,j,experimental,pronoun,postverbal,FCA,Üzülmüştün bu konuda sen ve ben.,üzül-
B,16,k,experimental,pronoun,postverbal,LCA,Üzülmüştüm bu konuda sen ve ben.,üzül-
C,16,l,experimental,pronoun,postverbal,RA,Üzülmüştük bu konuda sen ve ben.,üzül-
E,17,a,experimental,proper,preverbal,FCA,Ben ve Uğur olay sırasında korkmuştum.,kork-
F,17,b,experimental,proper,preverbal,LCA,Ben ve Uğur olay sırasında korkmuştu.,kork-
G,17,c,experimental,proper,preverbal,RA,Ben ve Uğur olay sırasında korkmuştuk.,kork-
H,17,d,experimental,pronoun,preverbal,FCA,Ben ve sen olay sırasında korkmuştum.,kork-
I,17,e,experimental,pronoun,preverbal,LCA,Ben ve sen olay sırasında korkmuştun.,kork-
J,17,f,experimental,pronoun,preverbal,RA,Ben ve sen olay sırasında korkmuştuk.,kork-
K,17,g,experimental,proper,postverbal,FCA,Korkmuştu olay sırasında Uğur ve ben.,kork-
L,17,h,experimental,proper,postverbal,LCA,Korkmuştum olay sırasında Uğur ve ben.,kork-
A,17,i,experimental,proper,postverbal,RA,Korkmuştuk olay sırasında Uğur ve ben.,kork-
B,17,j,experimental,pronoun,postverbal,FCA,Korkmuştun olay sırasında sen ve ben.,kork-
C,17,k,experimental,pronoun,postverbal,LCA,Korkmuştum olay sırasında sen ve ben.,kork-
D,17,l,experimental,pronoun,postverbal,RA,Korkmuştuk olay sırasında sen ve ben.,kork-
F,18,a,experimental,proper,preverbal,FCA,Ben ve Ümit son toplantıda rahatlamıştım.,rahatla-
G,18,b,experimental,proper,preverbal,LCA,Ben ve Ümit son toplantıda rahatlamıştı.,rahatla-
H,18,c,experimental,proper,preverbal,RA,Ben ve Ümit son toplantıda rahatlamıştık.,rahatla-
I,18,d,experimental,pronoun,preverbal,FCA,Ben ve sen son toplantıda rahatlamıştım.,rahatla-
J,18,e,experimental,pronoun,preverbal,LCA,Ben ve sen son toplantıda rahatlamıştın.,rahatla-
K,18,f,experimental,pronoun,preverbal,RA,Ben ve sen son toplantıda rahatlamıştık.,rahatla-
L,18,g,experimental,proper,postverbal,FCA,Rahatlamıştı son toplantıda Ümit ve ben.,rahatla-
A,18,h,experimental,proper,postverbal,LCA,Rahatlamıştım son toplantıda Ümit ve ben.,rahatla-
B,18,i,experimental,proper,postverbal,RA,Rahatlamıştık son toplantıda Ümit ve ben.,rahatla-
C,18,j,experimental,pronoun,postverbal,FCA,Rahatlamıştın son toplantıda sen ve ben.,rahatla-
D,18,k,experimental,pronoun,postverbal,LCA,Rahatlamıştım son toplantıda sen ve ben.,rahatla-
E,18,l,experimental,pronoun,postverbal,RA,Rahatlamıştık son toplantıda sen ve ben.,rahatla-
G,19,a,experimental,proper,preverbal,FCA,Ben ve Leyla ödül törenine gelmiştim.,gel-
H,19,b,experimental,proper,preverbal,LCA,Ben ve Leyla ödül törenine gelmişti.,gel-
I,19,c,experimental,proper,preverbal,RA,Ben ve Leyla ödül törenine gelmiştik.,gel-
J,19,d,experimental,pronoun,preverbal,FCA,Ben ve sen ödül törenine gelmiştim.,gel-
K,19,e,experimental,pronoun,preverbal,LCA,Ben ve sen ödül törenine gelmiştin.,gel-
L,19,f,experimental,pronoun,preverbal,RA,Ben ve sen ödül törenine gelmiştik.,gel-
A,19,g,experimental,proper,postverbal,FCA,Gelmişti ödül törenine Leyla ve ben.,gel-
B,19,h,experimental,proper,postverbal,LCA,Gelmiştim ödül törenine Leyla ve ben.,gel-
C,19,i,experimental,proper,postverbal,RA,Gelmiştik ödül törenine Leyla ve ben.,gel-
D,19,j,experimental,pronoun,postverbal,FCA,Gelmiştin ödül törenine sen ve ben.,gel-
E,19,k,experimental,pronoun,postverbal,LCA,Gelmiştim ödül törenine sen ve ben.,gel-
F,19,l,experimental,pronoun,postverbal,RA,Gelmiştik ödül törenine sen ve ben.,gel-
H,20,a,experimental,proper,preverbal,FCA,Ben ve Didem son müsabakada gerildim.,geril-
I,20,b,experimental,proper,preverbal,LCA,Ben ve Didem son müsabakada gerildi.,geril-
J,20,c,experimental,proper,preverbal,RA,Ben ve Didem son müsabakada gerildik.,geril-
K,20,d,experimental,pronoun,preverbal,FCA,Ben ve sen son müsabakada gerildim.,geril-
L,20,e,experimental,pronoun,preverbal,LCA,Ben ve sen son müsabakada gerildin.,geril-
A,20,f,experimental,pronoun,preverbal,RA,Ben ve sen son müsabakada gerildik.,geril-
B,20,g,experimental,proper,postverbal,FCA,Gerildi son müsabakada Didem ve ben.,geril-
C,20,h,experimental,proper,postverbal,LCA,Gerildim son müsabakada Didem ve ben.,geril-
D,20,i,experimental,proper,postverbal,RA,Gerildik son müsabakada Didem ve ben.,geril-
E,20,j,experimental,pronoun,postverbal,FCA,Gerildin son müsabakada sen ve ben.,geril-
F,20,k,experimental,pronoun,postverbal,LCA,Gerildim son müsabakada sen ve ben.,geril-
G,20,l,experimental,pronoun,postverbal,RA,Gerildik son müsabakada sen ve ben.,geril-
I,21,a,experimental,proper,preverbal,FCA,Ben ve Derya çalışma alanında bekledim.,bekle-
J,21,b,experimental,proper,preverbal,LCA,Ben ve Derya çalışma alanında bekledi.,bekle-
K,21,c,experimental,proper,preverbal,RA,Ben ve Derya çalışma alanında bekledik.,bekle-
L,21,d,experimental,pronoun,preverbal,FCA,Ben ve sen çalışma alanında bekledim.,bekle-
A,21,e,experimental,pronoun,preverbal,LCA,Ben ve sen çalışma alanında bekledin.,bekle-
B,21,f,experimental,pronoun,preverbal,RA,Ben ve sen çalışma alanında bekledik.,bekle-
C,21,g,experimental,proper,postverbal,FCA,Bekledi çalışma alanında Derya ve ben.,bekle-
D,21,h,experimental,proper,postverbal,LCA,Bekledim çalışma alanında Derya ve ben.,bekle-
E,21,i,experimental,proper,postverbal,RA,Bekledik çalışma alanında Derya ve ben.,bekle-
F,21,j,experimental,pronoun,postverbal,FCA,Bekledin çalışma alanında sen ve ben.,bekle-
G,21,k,experimental,pronoun,postverbal,LCA,Bekledim çalışma alanında sen ve ben.,bekle-
H,21,l,experimental,pronoun,postverbal,RA,Bekledik çalışma alanında sen ve ben.,bekle-
J,22,a,experimental,proper,preverbal,FCA,Ben ve Ferdi son gün aramıştım.,açıkla-
K,22,b,experimental,proper,preverbal,LCA,Ben ve Ferdi son gün aramıştı.,açıkla-
L,22,c,experimental,proper,preverbal,RA,Ben ve Ferdi son gün aramıştık.,açıkla-
A,22,d,experimental,pronoun,preverbal,FCA,Ben ve sen son gün aramıştım.,açıkla-
B,22,e,experimental,pronoun,preverbal,LCA,Ben ve sen son gün aramıştın.,açıkla-
C,22,f,experimental,pronoun,preverbal,RA,Ben ve sen son gün aramıştık.,açıkla-
D,22,g,experimental,proper,postverbal,FCA,Aramıştı son gün Ferdi ve ben.,açıkla-
E,22,h,experimental,proper,postverbal,LCA,Aramıştım son gün Ferdi ve ben.,açıkla-
F,22,i,experimental,proper,postverbal,RA,Aramıştık son gün Ferdi ve ben.,açıkla-
G,22,j,experimental,pronoun,postverbal,FCA,Aramıştın son gün sen ve ben.,açıkla-
H,22,k,experimental,pronoun,postverbal,LCA,Aramıştım son gün sen ve ben.,açıkla-
I,22,l,experimental,pronoun,postverbal,RA,Aramıştık son gün sen ve ben.,açıkla-
K,23,a,experimental,proper,preverbal,FCA,Ben ve Hale anlamsız yere korkmuşum.,kork-
L,23,b,experimental,proper,preverbal,LCA,Ben ve Hale anlamsız yere korkmuş.,kork-
A,23,c,experimental,proper,preverbal,RA,Ben ve Hale anlamsız yere korkmuşuz.,kork-
B,23,d,experimental,pronoun,preverbal,FCA,Ben ve sen anlamsız yere korkmuşum.,kork-
C,23,e,experimental,pronoun,preverbal,LCA,Ben ve sen anlamsız yere korkmuşsun.,kork-
D,23,f,experimental,pronoun,preverbal,RA,Ben ve sen anlamsız yere korkmuşuz.,kork-
E,23,g,experimental,proper,postverbal,FCA,Korkmuş anlamsız yere Hale ve ben.,kork-
F,23,h,experimental,proper,postverbal,LCA,Korkmuşum anlamsız yere Hale ve ben.,kork-
G,23,i,experimental,proper,postverbal,RA,Korkmuşuz anlamsız yere Hale ve ben.,kork-
H,23,j,experimental,pronoun,postverbal,FCA,Korkmuşsun anlamsız yere sen ve ben.,kork-
I,23,k,experimental,pronoun,postverbal,LCA,Korkmuşum anlamsız yere sen ve ben.,kork-
J,23,l,experimental,pronoun,postverbal,RA,Korkmuşuz anlamsız yere sen ve ben.,kork-
L,24,a,experimental,proper,preverbal,FCA,Ben ve Oğuz son oyunda hüzünlendim.,hüzünlen-
A,24,b,experimental,proper,preverbal,LCA,Ben ve Oğuz son oyunda hüzünlendi.,hüzünlen-
B,24,c,experimental,proper,preverbal,RA,Ben ve Oğuz son oyunda hüzünlendik.,hüzünlen-
C,24,d,experimental,pronoun,preverbal,FCA,Ben ve sen son oyunda hüzünlendim.,hüzünlen-
D,24,e,experimental,pronoun,preverbal,LCA,Ben ve sen son oyunda hüzünlendin.,hüzünlen-
E,24,f,experimental,pronoun,preverbal,RA,Ben ve sen son oyunda hüzünlendik.,hüzünlen-
F,24,g,experimental,proper,postverbal,FCA,Hüzünlendi son oyunda Oğuz ve ben.,hüzünlen-
G,24,h,experimental,proper,postverbal,LCA,Hüzünlendim son oyunda Oğuz ve ben.,hüzünlen-
H,24,i,experimental,proper,postverbal,RA,Hüzünlendik son oyunda Oğuz ve ben.,hüzünlen-
I,24,j,experimental,pronoun,postverbal,FCA,Hüzünlendin son oyunda sen ve ben.,hüzünlen-
J,24,k,experimental,pronoun,postverbal,LCA,Hüzünlendim son oyunda sen ve ben.,hüzünlen-
K,24,l,experimental,pronoun,postverbal,RA,Hüzünlendik son oyunda sen ve ben.,hüzünlen-
A,25,a,experimental,proper,preverbal,FCA,Ben ve Timur haberden sonra hüzünlendim.,hüzünlen-
B,25,b,experimental,proper,preverbal,LCA,Ben ve Timur haberden sonra hüzünlendi.,hüzünlen-
C,25,c,experimental,proper,preverbal,RA,Ben ve Timur haberden sonra hüzünlendik.,hüzünlen-
D,25,d,experimental,pronoun,preverbal,FCA,Ben ve sen haberden sonra hüzünlendim.,hüzünlen-
E,25,e,experimental,pronoun,preverbal,LCA,Ben ve sen haberden sonra hüzünlendin.,hüzünlen-
F,25,f,experimental,pronoun,preverbal,RA,Ben ve sen haberden sonra hüzünlendik.,hüzünlen-
G,25,g,experimental,proper,postverbal,FCA,Hüzünlendi haberden sonra Timur ve ben.,hüzünlen-
H,25,h,experimental,proper,postverbal,LCA,Hüzünlendim haberden sonra Timur ve ben.,hüzünlen-
I,25,i,experimental,proper,postverbal,RA,Hüzünlendik haberden sonra Timur ve ben.,hüzünlen-
J,25,j,experimental,pronoun,postverbal,FCA,Hüzünlendin haberden sonra sen ve ben.,hüzünlen-
K,25,k,experimental,pronoun,postverbal,LCA,Hüzünlendim haberden sonra sen ve ben.,hüzünlen-
L,25,l,experimental,pronoun,postverbal,RA,Hüzünlendik haberden sonra sen ve ben.,hüzünlen-
B,26,a,experimental,proper,preverbal,FCA,Ben ve Hasan o resimde gülmüşüm.,gül-
C,26,b,experimental,proper,preverbal,LCA,Ben ve Hasan o resimde gülmüş.,gül-
D,26,c,experimental,proper,preverbal,RA,Ben ve Hasan o resimde gülmüşüz.,gül-
E,26,d,experimental,pronoun,preverbal,FCA,Ben ve sen o resimde gülmüşüm.,gül-
F,26,e,experimental,pronoun,preverbal,LCA,Ben ve sen o resimde gülmüşsün.,gül-
G,26,f,experimental,pronoun,preverbal,RA,Ben ve sen o resimde gülmüşüz.,gül-
H,26,g,experimental,proper,postverbal,FCA,Gülmüş o resimde Hasan ve ben.,gül-
I,26,h,experimental,proper,postverbal,LCA,Gülmüşüm o resimde Hasan ve ben.,gül-
J,26,i,experimental,proper,postverbal,RA,Gülmüşüz o resimde Hasan ve ben.,gül-
K,26,j,experimental,pronoun,postverbal,FCA,Gülmüşsün o resimde sen ve ben.,gül-
L,26,k,experimental,pronoun,postverbal,LCA,Gülmüşüm o resimde sen ve ben.,gül-
A,26,l,experimental,pronoun,postverbal,RA,Gülmüşüz o resimde sen ve ben.,gül-
C,27,a,experimental,proper,preverbal,FCA,Ben ve Yağmur tam vaktinde vardım.,var-
D,27,b,experimental,proper,preverbal,LCA,Ben ve Yağmur tam vaktinde vardı.,var-
E,27,c,experimental,proper,preverbal,RA,Ben ve Yağmur tam vaktinde vardık.,var-
F,27,d,experimental,pronoun,preverbal,FCA,Ben ve sen tam vaktinde vardım.,var-
G,27,e,experimental,pronoun,preverbal,LCA,Ben ve sen tam vaktinde vardın.,var-
H,27,f,experimental,pronoun,preverbal,RA,Ben ve sen tam vaktinde vardık.,var-
I,27,g,experimental,proper,postverbal,FCA,Vardı tam vaktinde Yağmur ve ben.,var-
J,27,h,experimental,proper,postverbal,LCA,Vardım tam vaktinde Yağmur ve ben.,var-
K,27,i,experimental,proper,postverbal,RA,Vardık tam vaktinde Yağmur ve ben.,var-
L,27,j,experimental,pronoun,postverbal,FCA,Vardın tam vaktinde sen ve ben.,var-
A,27,k,experimental,pronoun,postverbal,LCA,Vardım tam vaktinde sen ve ben.,var-
B,27,l,experimental,pronoun,postverbal,RA,Vardık tam vaktinde sen ve ben.,var-
D,28,a,experimental,proper,preverbal,FCA,Ben ve Sinan o kasabayı sevmiştim.,sev-
E,28,b,experimental,proper,preverbal,LCA,Ben ve Sinan o kasabayı sevmişti.,sev-
F,28,c,experimental,proper,preverbal,RA,Ben ve Sinan o kasabayı sevmiştik.,sev-
G,28,d,experimental,pronoun,preverbal,FCA,Ben ve sen o kasabayı sevmiştim.,sev-
H,28,e,experimental,pronoun,preverbal,LCA,Ben ve sen o kasabayı sevmiştin.,sev-
I,28,f,experimental,pronoun,preverbal,RA,Ben ve sen o kasabayı sevmiştik.,sev-
J,28,g,experimental,proper,postverbal,FCA,Sevmişti o kasabayı Sinan ve ben.,sev-
K,28,h,experimental,proper,postverbal,LCA,Sevmiştim o kasabayı Sinan ve ben.,sev-
L,28,i,experimental,proper,postverbal,RA,Sevmiştik o kasabayı Sinan ve ben.,sev-
A,28,j,experimental,pronoun,postverbal,FCA,Sevmiştin o kasabayı sen ve ben.,sev-
B,28,k,experimental,pronoun,postverbal,LCA,Sevmiştim o kasabayı sen ve ben.,sev-
C,28,l,experimental,pronoun,postverbal,RA,Sevmiştik o kasabayı sen ve ben.,sev-
E,29,a,experimental,proper,preverbal,FCA,Ben ve Berat yolculuk öncesi hüzünlenmiştim.,hüzünlen-
F,29,b,experimental,proper,preverbal,LCA,Ben ve Berat yolculuk öncesi hüzünlenmişti.,hüzünlen-
G,29,c,experimental,proper,preverbal,RA,Ben ve Berat yolculuk öncesi hüzünlenmiştik.,hüzünlen-
H,29,d,experimental,pronoun,preverbal,FCA,Ben ve sen yolculuk öncesi hüzünlenmiştim.,hüzünlen-
I,29,e,experimental,pronoun,preverbal,LCA,Ben ve sen yolculuk öncesi hüzünlenmiştin.,hüzünlen-
J,29,f,experimental,pronoun,preverbal,RA,Ben ve sen yolculuk öncesi hüzünlenmiştik.,hüzünlen-
K,29,g,experimental,proper,postverbal,FCA,Hüzünlenmişti yolculuk öncesi Berat ve ben.,hüzünlen-
L,29,h,experimental,proper,postverbal,LCA,Hüzünlenmiştim yolculuk öncesi Berat ve ben.,hüzünlen-
A,29,i,experimental,proper,postverbal,RA,Hüzünlenmiştik yolculuk öncesi Berat ve ben.,hüzünlen-
B,29,j,experimental,pronoun,postverbal,FCA,Hüzünlenmiştin yolculuk öncesi sen ve ben.,hüzünlen-
C,29,k,experimental,pronoun,postverbal,LCA,Hüzünlenmiştim yolculuk öncesi sen ve ben.,hüzünlen-
D,29,l,experimental,pronoun,postverbal,RA,Hüzünlenmiştik yolculuk öncesi sen ve ben.,hüzünlen-
F,30,a,experimental,proper,preverbal,FCA,Ben ve Mustafa kutlama partisine geldim.,gel-
G,30,b,experimental,proper,preverbal,LCA,Ben ve Mustafa kutlama partisine geldi.,gel-
H,30,c,experimental,proper,preverbal,RA,Ben ve Mustafa kutlama partisine geldik.,gel-
I,30,d,experimental,pronoun,preverbal,FCA,Ben ve sen kutlama partisine geldim.,gel-
J,30,e,experimental,pronoun,preverbal,LCA,Ben ve sen kutlama partisine geldin.,gel-
K,30,f,experimental,pronoun,preverbal,RA,Ben ve sen kutlama partisine geldik.,gel-
L,30,g,experimental,proper,postverbal,FCA,Geldi kutlama partisine Mustafa ve ben.,gel-
A,30,h,experimental,proper,postverbal,LCA,Geldim kutlama partisine Mustafa ve ben.,gel-
B,30,i,experimental,proper,postverbal,RA,Geldik kutlama partisine Mustafa ve ben.,gel-
C,30,j,experimental,pronoun,postverbal,FCA,Geldin kutlama partisine sen ve ben.,gel-
D,30,k,experimental,pronoun,postverbal,LCA,Geldim kutlama partisine sen ve ben.,gel-
E,30,l,experimental,pronoun,postverbal,RA,Geldik kutlama partisine sen ve ben.,gel-
G,31,a,experimental,proper,preverbal,FCA,Ben ve Mete bu projede çalıştım.,çalış-
H,31,b,experimental,proper,preverbal,LCA,Ben ve Mete bu projede çalıştı.,çalış-
I,31,c,experimental,proper,preverbal,RA,Ben ve Mete bu projede çalıştık.,çalış-
J,31,d,experimental,pronoun,preverbal,FCA,Ben ve sen bu projede çalıştım.,çalış-
K,31,e,experimental,pronoun,preverbal,LCA,Ben ve sen bu projede çalıştın.,çalış-
L,31,f,experimental,pronoun,preverbal,RA,Ben ve sen bu projede çalıştık.,çalış-
A,31,g,experimental,proper,postverbal,FCA,Çalıştı bu projede Mete ve ben.,çalış-
B,31,h,experimental,proper,postverbal,LCA,Çalıştım bu projede Mete ve ben.,çalış-
C,31,i,experimental,proper,postverbal,RA,Çalıştık bu projede Mete ve ben.,çalış-
D,31,j,experimental,pronoun,postverbal,FCA,Çalıştın bu projede sen ve ben.,çalış-
E,31,k,experimental,pronoun,postverbal,LCA,Çalıştım bu projede sen ve ben.,çalış-
F,31,l,experimental,pronoun,postverbal,RA,Çalıştık bu projede sen ve ben.,çalış-
H,32,a,experimental,proper,preverbal,FCA,Ben ve Burak bütün haftasonu uyudum.,uyu-
I,32,b,experimental,proper,preverbal,LCA,Ben ve Burak bütün haftasonu uyudu.,uyu-
J,32,c,experimental,proper,preverbal,RA,Ben ve Burak bütün haftasonu uyuduk.,uyu-
K,32,d,experimental,pronoun,preverbal,FCA,Ben ve sen bütün haftasonu uyudum.,uyu-
L,32,e,experimental,pronoun,preverbal,LCA,Ben ve sen bütün haftasonu uyudun.,uyu-
A,32,f,experimental,pronoun,preverbal,RA,Ben ve sen bütün haftasonu uyuduk.,uyu-
B,32,g,experimental,proper,postverbal,FCA,Uyudu bütün haftasonu Burak ve ben.,uyu-
C,32,h,experimental,proper,postverbal,LCA,Uyudum bütün haftasonu Burak ve ben.,uyu-
D,32,i,experimental,proper,postverbal,RA,Uyuduk bütün haftasonu Burak ve ben.,uyu-
E,32,j,experimental,pronoun,postverbal,FCA,Uyudun bütün haftasonu sen ve ben.,uyu-
F,32,k,experimental,pronoun,postverbal,LCA,Uyudum bütün haftasonu sen ve ben.,uyu-
G,32,l,experimental,pronoun,postverbal,RA,Uyuduk bütün haftasonu sen ve ben.,uyu-
I,33,a,experimental,proper,preverbal,FCA,Ben ve Gülşah yıllar boyunca çalıştım.,çalış-
J,33,b,experimental,proper,preverbal,LCA,Ben ve Gülşah yıllar boyunca çalıştı.,çalış-
K,33,c,experimental,proper,preverbal,RA,Ben ve Gülşah yıllar boyunca çalıştık.,çalış-
L,33,d,experimental,pronoun,preverbal,FCA,Ben ve sen yıllar boyunca çalıştım.,çalış-
A,33,e,experimental,pronoun,preverbal,LCA,Ben ve sen yıllar boyunca çalıştın.,çalış-
B,33,f,experimental,pronoun,preverbal,RA,Ben ve sen yıllar boyunca çalıştık.,çalış-
C,33,g,experimental,proper,postverbal,FCA,Çalıştı yıllar boyunca Gülşah ve ben.,çalış-
D,33,h,experimental,proper,postverbal,LCA,Çalıştım yıllar boyunca Gülşah ve ben.,çalış-
E,33,i,experimental,proper,postverbal,RA,Çalıştık yıllar boyunca Gülşah ve ben.,çalış-
F,33,j,experimental,pronoun,postverbal,FCA,Çalıştın yıllar boyunca sen ve ben.,çalış-
G,33,k,experimental,pronoun,postverbal,LCA,Çalıştım yıllar boyunca sen ve ben.,çalış-
H,33,l,experimental,pronoun,postverbal,RA,Çalıştık yıllar boyunca sen ve ben.,çalış-
J,34,a,experimental,proper,preverbal,FCA,Ben ve Ayşe kış boyunca üşüdüm.,üşü-
K,34,b,experimental,proper,preverbal,LCA,Ben ve Ayşe kış boyunca üşüdü.,üşü-
L,34,c,experimental,proper,preverbal,RA,Ben ve Ayşe kış boyunca üşüdük.,üşü-
A,34,d,experimental,pronoun,preverbal,FCA,Ben ve sen kış boyunca üşüdüm.,üşü-
B,34,e,experimental,pronoun,preverbal,LCA,Ben ve sen kış boyunca üşüdün.,üşü-
C,34,f,experimental,pronoun,preverbal,RA,Ben ve sen kış boyunca üşüdük.,üşü-
D,34,g,experimental,proper,postverbal,FCA,Üşüdü kış boyunca Ayşe ve ben.,üşü-
E,34,h,experimental,proper,postverbal,LCA,Üşüdüm kış boyunca Ayşe ve ben.,üşü-
F,34,i,experimental,proper,postverbal,RA,Üşüdük kış boyunca Ayşe ve ben.,üşü-
G,34,j,experimental,pronoun,postverbal,FCA,Üşüdün kış boyunca sen ve ben.,üşü-
H,34,k,experimental,pronoun,postverbal,LCA,Üşüdüm kış boyunca sen ve ben.,üşü-
I,34,l,experimental,pronoun,postverbal,RA,Üşüdük kış boyunca sen ve ben.,üşü-
K,35,a,experimental,proper,preverbal,FCA,Ben ve Deniz geçen hafta gezmiştim.,gez-
L,35,b,experimental,proper,preverbal,LCA,Ben ve Deniz geçen hafta gezmişti.,gez-
A,35,c,experimental,proper,preverbal,RA,Ben ve Deniz geçen hafta gezmiştik.,gez-
B,35,d,experimental,pronoun,preverbal,FCA,Ben ve sen geçen hafta gezmiştim.,gez-
C,35,e,experimental,pronoun,preverbal,LCA,Ben ve sen geçen hafta gezmiştin.,gez-
D,35,f,experimental,pronoun,preverbal,RA,Ben ve sen geçen hafta gezmiştik.,gez-
E,35,g,experimental,proper,postverbal,FCA,Gezmişti geçen hafta Deniz ve ben.,gez-
F,35,h,experimental,proper,postverbal,LCA,Gezmiştim geçen hafta Deniz ve ben.,gez-
G,35,i,experimental,proper,postverbal,RA,Gezmiştik geçen hafta Deniz ve ben.,gez-
H,35,j,experimental,pronoun,postverbal,FCA,Gezmiştin geçen hafta sen ve ben.,gez-
I,35,k,experimental,pronoun,postverbal,LCA,Gezmiştim geçen hafta sen ve ben.,gez-
J,35,l,experimental,pronoun,postverbal,RA,Gezmiştik geçen hafta sen ve ben.,gez-
L,36,a,experimental,proper,preverbal,FCA,Ben ve Mehmet pazara kadar dinlenmiştim.,dinlen-
A,36,b,experimental,proper,preverbal,LCA,Ben ve Mehmet pazara kadar dinlenmişti.,dinlen-
B,36,c,experimental,proper,preverbal,RA,Ben ve Mehmet pazara kadar dinlenmiştik.,dinlen-
C,36,d,experimental,pronoun,preverbal,FCA,Ben ve sen pazara kadar dinlenmiştim.,dinlen-
D,36,e,experimental,pronoun,preverbal,LCA,Ben ve sen pazara kadar dinlenmiştin.,dinlen-
E,36,f,experimental,pronoun,preverbal,RA,Ben ve sen pazara kadar dinlenmiştik.,dinlen-
F,36,g,experimental,proper,postverbal,FCA,Dinlenmişti pazara kadar Mehmet ve ben.,dinlen-
G,36,h,experimental,proper,postverbal,LCA,Dinlenmiştim pazara kadar Mehmet ve ben.,dinlen-
H,36,i,experimental,proper,postverbal,RA,Dinlenmiştik pazara kadar Mehmet ve ben.,dinlen-
I,36,j,experimental,pronoun,postverbal,FCA,Dinlenmiştin pazara kadar sen ve ben.,dinlen-
J,36,k,experimental,pronoun,postverbal,LCA,Dinlenmiştim pazara kadar sen ve ben.,dinlen-
K,36,l,experimental,pronoun,postverbal,RA,Dinlenmiştik pazara kadar sen ve ben.,dinlen-
A,37,a,experimental,proper,preverbal,FCA,Ben ve Şenay aksiliklerden sonra telaşlanmıştım.,telaşlan-
B,37,b,experimental,proper,preverbal,LCA,Ben ve Şenay aksiliklerden sonra telaşlanmıştı.,telaşlan-
C,37,c,experimental,proper,preverbal,RA,Ben ve Şenay aksiliklerden sonra telaşlanmıştık.,telaşlan-
D,37,d,experimental,pronoun,preverbal,FCA,Ben ve sen aksiliklerden sonra telaşlanmıştım.,telaşlan-
E,37,e,experimental,pronoun,preverbal,LCA,Ben ve sen aksiliklerden sonra telaşlanmıştın.,telaşlan-
F,37,f,experimental,pronoun,preverbal,RA,Ben ve sen aksiliklerden sonra telaşlanmıştık.,telaşlan-
G,37,g,experimental,proper,postverbal,FCA,Telaşlandı aksiliklerden dolayı Şenay ve ben.,telaşlan-
H,37,h,experimental,proper,postverbal,LCA,Telaşlandım aksiliklerden dolayı Şenay ve ben.,telaşlan-
I,37,i,experimental,proper,postverbal,RA,Telaşlandık aksiliklerden dolayı Şenay ve ben.,telaşlan-
J,37,j,experimental,pronoun,postverbal,FCA,Telaşlanmıştın aksiliklerden sonra sen ve ben.,telaşlan-
K,37,k,experimental,pronoun,postverbal,LCA,Telaşlanmıştım aksiliklerden sonra sen ve ben.,telaşlan-
L,37,l,experimental,pronoun,postverbal,RA,Telaşlanmıştık aksiliklerden sonra sen ve ben.,telaşlan-
B,38,a,experimental,proper,preverbal,FCA,Ben ve Pınar olaylardan ötürü bunaldım.,bunal-
C,38,b,experimental,proper,preverbal,LCA,Ben ve Pınar olaylardan ötürü bunaldı.,bunal-
D,38,c,experimental,proper,preverbal,RA,Ben ve Pınar olaylardan ötürü bunaldık.,bunal-
E,38,d,experimental,pronoun,preverbal,FCA,Ben ve sen olaylardan ötürü bunaldım.,bunal-
F,38,e,experimental,pronoun,preverbal,LCA,Ben ve sen olaylardan ötürü bunaldın.,bunal-
G,38,f,experimental,pronoun,preverbal,RA,Ben ve sen olaylardan ötürü bunaldık.,bunal-
H,38,g,experimental,proper,postverbal,FCA,Bunaldı olaylardan ötürü Pınar ve ben.,bunal-
I,38,h,experimental,proper,postverbal,LCA,Bunaldım olaylardan ötürü Pınar ve ben.,bunal-
J,38,i,experimental,proper,postverbal,RA,Bunaldık olaylardan ötürü Pınar ve ben.,bunal-
K,38,j,experimental,pronoun,postverbal,FCA,Bunaldın olaylardan ötürü sen ve ben.,bunal-
L,38,k,experimental,pronoun,postverbal,LCA,Bunaldım olaylardan ötürü sen ve ben.,bunal-
A,38,l,experimental,pronoun,postverbal,RA,Bunaldık olaylardan ötürü sen ve ben.,bunal-
C,39,a,experimental,proper,preverbal,FCA,Ben ve Semih parti için hazırlandım.,hazırlan-
D,39,b,experimental,proper,preverbal,LCA,Ben ve Semih parti için hazırlandı.,hazırlan-
E,39,c,experimental,proper,preverbal,RA,Ben ve Semih parti için hazırlandık.,hazırlan-
F,39,d,experimental,pronoun,preverbal,FCA,Ben ve sen parti için hazırlandım.,hazırlan-
G,39,e,experimental,pronoun,preverbal,LCA,Ben ve sen parti için hazırlandın.,hazırlan-
H,39,f,experimental,pronoun,preverbal,RA,Ben ve sen parti için hazırlandık.,hazırlan-
I,39,g,experimental,proper,postverbal,FCA,Hazırlandı parti için Semih ve ben.,hazırlan-
J,39,h,experimental,proper,postverbal,LCA,Hazırlandım parti için Semih ve ben.,hazırlan-
K,39,i,experimental,proper,postverbal,RA,Hazırlandık parti için Semih ve ben.,hazırlan-
L,39,j,experimental,pronoun,postverbal,FCA,Hazırlandın parti için sen ve ben.,hazırlan-
A,39,k,experimental,pronoun,postverbal,LCA,Hazırlandım parti için sen ve ben.,hazırlan-
B,39,l,experimental,pronoun,postverbal,RA,Hazırlandık parti için sen ve ben.,hazırlan-
D,40,a,experimental,proper,preverbal,FCA,Ben ve Ece kaza haberiyle sarsıldım.,sarsıl-
E,40,b,experimental,proper,preverbal,LCA,Ben ve Ece kaza haberiyle sarsıldı.,sarsıl-
F,40,c,experimental,proper,preverbal,RA,Ben ve Ece kaza haberiyle sarsıldık.,sarsıl-
G,40,d,experimental,pronoun,preverbal,FCA,Ben ve sen kaza haberiyle sarsıldım.,sarsıl-
H,40,e,experimental,pronoun,preverbal,LCA,Ben ve sen kaza haberiyle sarsıldın.,sarsıl-
I,40,f,experimental,pronoun,preverbal,RA,Ben ve sen kaza haberiyle sarsıldık.,sarsıl-
J,40,g,experimental,proper,postverbal,FCA,Sarsıldı kaza haberiyle Ece ve ben.,sarsıl-
K,40,h,experimental,proper,postverbal,LCA,Sarsıldım kaza haberiyle Ece ve ben.,sarsıl-
L,40,i,experimental,proper,postverbal,RA,Sarsıldık kaza haberiyle Ece ve ben.,sarsıl-
A,40,j,experimental,pronoun,postverbal,FCA,Sarsıldın kaza haberiyle sen ve ben.,sarsıl-
B,40,k,experimental,pronoun,postverbal,LCA,Sarsıldım kaza haberiyle sen ve ben.,sarsıl-
C,40,l,experimental,pronoun,postverbal,RA,Sarsıldık kaza haberiyle sen ve ben.,sarsıl-
E,41,a,experimental,proper,preverbal,FCA,Ben ve Sedef tartışmadan sonra gerildim.,geril-
F,41,b,experimental,proper,preverbal,LCA,Ben ve Sedef tartışmadan sonra gerildi.,geril-
G,41,c,experimental,proper,preverbal,RA,Ben ve Sedef tartışmadan sonra gerildik.,geril-
H,41,d,experimental,pronoun,preverbal,FCA,Ben ve sen tartışmadan sonra gerildim.,geril-
I,41,e,experimental,pronoun,preverbal,LCA,Ben ve sen tartışmadan sonra gerildin.,geril-
J,41,f,experimental,pronoun,preverbal,RA,Ben ve sen tartışmadan sonra gerildik.,geril-
K,41,g,experimental,proper,postverbal,FCA,Gerildi tartışmadan sonra Sedef ve ben.,geril-
L,41,h,experimental,proper,postverbal,LCA,Gerildim tartışmadan sonra Sedef ve ben.,geril-
A,41,i,experimental,proper,postverbal,RA,Gerildik tartışmadan sonra Sedef ve ben.,geril-
B,41,j,experimental,pronoun,postverbal,FCA,Gerildin tartışmadan sonra sen ve ben.,geril-
C,41,k,experimental,pronoun,postverbal,LCA,Gerildim tartışmadan sonra sen ve ben.,geril-
D,41,l,experimental,pronoun,postverbal,RA,Gerildik tartışmadan sonra sen ve ben.,geril-
F,42,a,experimental,proper,preverbal,FCA,Ben ve Turgut problemler yüzünden ağlamıştım.,ağla-
G,42,b,experimental,proper,preverbal,LCA,Ben ve Turgut problemler yüzünden ağlamıştı.,ağla-
H,42,c,experimental,proper,preverbal,RA,Ben ve Turgut problemler yüzünden ağlamıştık.,ağla-
I,42,d,experimental,pronoun,preverbal,FCA,Ben ve sen problemler yüzünden ağlamıştım.,ağla-
J,42,e,experimental,pronoun,preverbal,LCA,Ben ve sen problemler yüzünden ağlamıştın.,ağla-
K,42,f,experimental,pronoun,preverbal,RA,Ben ve sen problemler yüzünden ağlamıştık.,ağla-
L,42,g,experimental,proper,postverbal,FCA,Ağlamıştı problemler yüzünden Turgut ve ben.,ağla-
A,42,h,experimental,proper,postverbal,LCA,Ağlamıştım problemler yüzünden Turgut ve ben.,ağla-
B,42,i,experimental,proper,postverbal,RA,Ağlamıştık problemler yüzünden Turgut ve ben.,ağla-
C,42,j,experimental,pronoun,postverbal,FCA,Ağlamıştın problemler yüzünden sen ve ben.,ağla-
D,42,k,experimental,pronoun,postverbal,LCA,Ağlamıştım problemler yüzünden sen ve ben.,ağla-
E,42,l,experimental,pronoun,postverbal,RA,Ağlamıştık problemler yüzünden sen ve ben.,ağla-
G,43,a,experimental,proper,preverbal,FCA,Ben ve Beste bütün yaz gezdim.,gez-
H,43,b,experimental,proper,preverbal,LCA,Ben ve Beste bütün yaz gezdi.,gez-
I,43,c,experimental,proper,preverbal,RA,Ben ve Beste bütün yaz gezdik.,gez-
J,43,d,experimental,pronoun,preverbal,FCA,Ben ve sen bütün yaz gezdim.,gez-
K,43,e,experimental,pronoun,preverbal,LCA,Ben ve sen bütün yaz gezdin.,gez-
L,43,f,experimental,pronoun,preverbal,RA,Ben ve sen bütün yaz gezdik.,gez-
A,43,g,experimental,proper,postverbal,FCA,Gezdi bütün yaz Beste ve ben.,gez-
B,43,h,experimental,proper,postverbal,LCA,Gezdim bütün yaz Beste ve ben.,gez-
C,43,i,experimental,proper,postverbal,RA,Gezdik bütün yaz Beste ve ben.,gez-
D,43,j,experimental,pronoun,postverbal,FCA,Gezdin bütün yaz sen ve ben.,gez-
E,43,k,experimental,pronoun,postverbal,LCA,Gezdim bütün yaz sen ve ben.,gez-
F,43,l,experimental,pronoun,postverbal,RA,Gezdik bütün yaz sen ve ben.,gez-
H,44,a,experimental,proper,preverbal,FCA,Ben ve Metin felaket derecede hastalandım.,hastalan-
I,44,b,experimental,proper,preverbal,LCA,Ben ve Metin felaket derecede hastalandı.,hastalan-
J,44,c,experimental,proper,preverbal,RA,Ben ve Metin felaket derecede hastalandık.,hastalan-
K,44,d,experimental,pronoun,preverbal,FCA,Ben ve sen felaket derecede hastalandım.,hastalan-
L,44,e,experimental,pronoun,preverbal,LCA,Ben ve sen felaket derecede hastalandın.,hastalan-
A,44,f,experimental,pronoun,preverbal,RA,Ben ve sen felaket derecede hastalandık.,hastalan-
B,44,g,experimental,proper,postverbal,FCA,Hastalandı felaket derecede Metin ve ben.,hastalan-
C,44,h,experimental,proper,postverbal,LCA,Hastalandım felaket derecede Metin ve ben.,hastalan-
D,44,i,experimental,proper,postverbal,RA,Hastalandık felaket derecede Metin ve ben.,hastalan-
E,44,j,experimental,pronoun,postverbal,FCA,Hastalandın felaket derecede sen ve ben.,hastalan-
F,44,k,experimental,pronoun,postverbal,LCA,Hastalandım felaket derecede sen ve ben.,hastalan-
G,44,l,experimental,pronoun,postverbal,RA,Hastalandık felaket derecede sen ve ben.,hastalan-
I,45,a,experimental,proper,preverbal,FCA,Ben ve İbrahim bu haberlere sevindim.,sevin-
J,45,b,experimental,proper,preverbal,LCA,Ben ve İbrahim bu haberlere sevindi.,sevin-
K,45,c,experimental,proper,preverbal,RA,Ben ve İbrahim bu haberlere sevindik.,sevin-
L,45,d,experimental,pronoun,preverbal,FCA,Ben ve sen bu haberlere sevindim.,sevin-
A,45,e,experimental,pronoun,preverbal,LCA,Ben ve sen bu haberlere sevindin.,sevin-
B,45,f,experimental,pronoun,preverbal,RA,Ben ve sen bu haberlere sevindik.,sevin-
C,45,g,experimental,proper,postverbal,FCA,Sevindi bu haberlere İbrahim ve ben.,sevin-
D,45,h,experimental,proper,postverbal,LCA,Sevindim bu haberlere İbrahim ve ben.,sevin-
E,45,i,experimental,proper,postverbal,RA,Sevindik bu haberlere İbrahim ve ben.,sevin-
F,45,j,experimental,pronoun,postverbal,FCA,Sevindin bu haberlere sen ve ben.,sevin-
G,45,k,experimental,pronoun,postverbal,LCA,Sevindim bu haberlere sen ve ben.,sevin-
H,45,l,experimental,pronoun,postverbal,RA,Sevindik bu haberlere sen ve ben.,sevin-
J,46,a,experimental,proper,preverbal,FCA,Ben ve Selin toplantı için hazırlandım.,hazırlan-
K,46,b,experimental,proper,preverbal,LCA,Ben ve Selin toplantı için hazırlandı.,hazırlan-
L,46,c,experimental,proper,preverbal,RA,Ben ve Selin toplantı için hazırlandık.,hazırlan-
A,46,d,experimental,pronoun,preverbal,FCA,Ben ve sen toplantı için hazırlandım.,hazırlan-
B,46,e,experimental,pronoun,preverbal,LCA,Ben ve sen toplantı için hazırlandın.,hazırlan-
C,46,f,experimental,pronoun,preverbal,RA,Ben ve sen toplantı için hazırlandık.,hazırlan-
D,46,g,experimental,proper,postverbal,FCA,Hazırlandı toplantı için Selin ve ben.,hazırlan-
E,46,h,experimental,proper,postverbal,LCA,Hazırlandım toplantı için Selin ve ben.,hazırlan-
F,46,i,experimental,proper,postverbal,RA,Hazırlandık toplantı için Selin ve ben.,hazırlan-
G,46,j,experimental,pronoun,postverbal,FCA,Hazırlandın toplantı için sen ve ben.,hazırlan-
H,46,k,experimental,pronoun,postverbal,LCA,Hazırlandım toplantı için sen ve ben.,hazırlan-
I,46,l,experimental,pronoun,postverbal,RA,Hazırlandık toplantı için sen ve ben.,hazırlan-
K,47,a,experimental,proper,preverbal,FCA,Ben ve Nesrin ormanın içinde kayboldum.,kaybol-
L,47,b,experimental,proper,preverbal,LCA,Ben ve Nesrin ormanın içinde kayboldu.,kaybol-
A,47,c,experimental,proper,preverbal,RA,Ben ve Nesrin ormanın içinde kaybolduk.,kaybol-
B,47,d,experimental,pronoun,preverbal,FCA,Ben ve sen ormanın içinde kayboldum.,kaybol-
C,47,e,experimental,pronoun,preverbal,LCA,Ben ve sen ormanın içinde kayboldun.,kaybol-
D,47,f,experimental,pronoun,preverbal,RA,Ben ve sen ormanın içinde kaybolduk.,kaybol-
E,47,g,experimental,proper,postverbal,FCA,Kayboldu ormanın içinde Nesrin ve ben.,kaybol-
F,47,h,experimental,proper,postverbal,LCA,Kayboldum ormanın içinde Nesrin ve ben.,kaybol-
G,47,i,experimental,proper,postverbal,RA,Kaybolduk ormanın içinde Nesrin ve ben.,kaybol-
H,47,j,experimental,pronoun,postverbal,FCA,Kayboldun ormanın içinde sen ve ben.,kaybol-
I,47,k,experimental,pronoun,postverbal,LCA,Kayboldum ormanın içinde sen ve ben.,kaybol-
J,47,l,experimental,pronoun,postverbal,RA,Kaybolduk ormanın içinde sen ve ben.,kaybol-
L,48,a,experimental,proper,preverbal,FCA,Ben ve Kadir gece boyunca çalıştım.,çalış-
A,48,b,experimental,proper,preverbal,LCA,Ben ve Kadir gece boyunca çalıştı.,çalış-
B,48,c,experimental,proper,preverbal,RA,Ben ve Kadir gece boyunca çalıştık.,çalış-
C,48,d,experimental,pronoun,preverbal,FCA,Ben ve sen gece boyunca çalıştım.,çalış-
D,48,e,experimental,pronoun,preverbal,LCA,Ben ve sen gece boyunca çalıştın.,çalış-
E,48,f,experimental,pronoun,preverbal,RA,Ben ve sen gece boyunca çalıştık.,çalış-
F,48,g,experimental,proper,postverbal,FCA,Çalıştı gece boyunca Kadir ve ben.,çalış-
G,48,h,experimental,proper,postverbal,LCA,Çalıştım gece boyunca Kadir ve ben.,çalış-
H,48,i,experimental,proper,postverbal,RA,Çalıştık gece boyunca Kadir ve ben.,çalış-
I,48,j,experimental,pronoun,postverbal,FCA,Çalıştın gece boyunca sen ve ben.,çalış-
J,48,k,experimental,pronoun,postverbal,LCA,Çalıştım gece boyunca sen ve ben.,çalış-
K,48,l,experimental,pronoun,postverbal,RA,Çalıştık gece boyunca sen ve ben.,çalış-