item,condition,conjunct1,conjoiner,conjunct2,type,sentence,Ozge.is.ambiguous,Utku.is.ambiguous,"is.match(O,U)",isq,question,correct_answer,Group,,,,,,,,
1,a,çorap,ve,ayakkabı,exp,Emel geçen haftasonu çorap ve ayakkabıcı bir adamla tanıştı.,0,0,TRUE,0,,,A,,item,SUM of Ozge.is.ambiguous,,condition,SUM of Ozge.is.ambiguous,,
1,b,çorap,ve,ayakkabı,exp,Emel geçen haftasonu çorapçı ve ayakkabıcı bir adamla tanıştı.,0,0,TRUE,0,,,B,,,0,,,0,,
1,c,çorap,ve,ayakkabı,exp,Emel geçen haftasonu çorap ve ayakkabılı bir takım aldı.,1,1,TRUE,0,,,C,,1,4,,a,2,suspended.cI,30
1,d,çorap,ve,ayakkabı,exp,Emel geçen haftasonu çoraplı ve ayakkabılı bir takım aldı.,0,0,TRUE,0,,,D,,2,5,,b,1,,31
1,e,çorap,ve,ayakkabı,exp,Emel geçen haftasonu çorap ve ayakkabısız bir yoga eğitimi aldı.,1,1,TRUE,0,,,E,,3,2,,c,20,suspended.lI,12
1,f,çorap,ve,ayakkabı,exp,Emel geçen haftasonu çorapsız ve ayakkabısız bir yoga eğitimi aldı.,0,0,TRUE,0,,,F,,4,3,,d,0,lI,32
1,g,çorap,ve,ayakkabı,exp,Emel geçen haftasonu çorap ve ayakkabılık bir dolap aldı.,1,1,TRUE,0,,,G,,5,3,,e,18,suspended.sIz,14
1,h,çorap,ve,ayakkabı,exp,Emel geçen haftasonu çoraplık ve ayakkabılık bir dolap aldı.,1,1,TRUE,0,,,H,,6,1,,f,2,,30
2,a,masa,ve,sandalye,exp,Ömer yeni evine masa ve sandalyeci bir usta getirdi.,1,1,TRUE,0,,,B,,7,4,,g,23,suspended.lIk,9
2,b,masa,ve,sandalye,exp,Ömer yeni evine masacı ve sandalyeci bir usta getirdi.,1,1,TRUE,0,,,C,,8,3,,gram,0,,
2,c,masa,ve,sandalye,exp,Ömer yeni evine masa ve sandalyeli bir yemek odası kurdu.,1,1,TRUE,0,,,D,,9,0,,h,9,,23
2,d,masa,ve,sandalye,exp,Ömer yeni evine masalı ve sandalyeli bir yemek odası kurdu.,0,0,TRUE,0,,,E,,10,1,,ungram,0,,
2,e,masa,ve,sandalye,exp,Ömer yeni evine masa ve sandalyesiz bir mobilya takımı aldı.,1,1,TRUE,0,,,F,,11,1,,Grand Total,75,,
2,f,masa,ve,sandalye,exp,Ömer yeni evine masasız ve sandalyesiz bir mobilya takımı aldı.,0,0,TRUE,0,,,G,,12,2,,,,,
2,g,masa,ve,sandalye,exp,Ömer yeni evine masa ve sandalyelik bir renk seçti.,1,1,TRUE,0,,,H,,13,1,,,,,
2,h,masa,ve,sandalye,exp,Ömer yeni evine masalık ve sandalyelik bir renk seçti.,0,0,TRUE,0,,,A,,14,2,,,,,
3,a,atkı,ve,şapka,exp,Leyla eski çarşıda atkı ve şapkacı bir tuhafiyeye uğrayacakmış.,0,0,TRUE,0,,,C,,15,3,,,,,
3,b,atkı,ve,şapka,exp,Leyla eski çarşıda atkıcı ve şapkacı bir tuhafiyeye uğrayacakmış.,0,0,TRUE,0,,,D,,16,3,,,,,
3,c,atkı,ve,şapka,exp,Leyla eski çarşıda atkı ve şapkalı bir ünlüyle karşılaşmış.,0,0,TRUE,0,,,E,,17,4,,,,,
3,d,atkı,ve,şapka,exp,Leyla eski çarşıda atkılı ve şapkalı bir ünlüyle karşılaşmış.,0,0,TRUE,0,,,F,,18,2,,,,,
3,e,atkı,ve,şapka,exp,Leyla eski çarşıda atkı ve şapkasız bir çocuğa acımış.,0,0,TRUE,0,,,G,,19,0,,,,,
3,f,atkı,ve,şapka,exp,Leyla eski çarşıda atkısız ve şapkasız bir çocuğa acımış.,0,0,TRUE,0,,,H,,20,0,,,,,
3,g,atkı,ve,şapka,exp,Leyla eski çarşıda atkı ve şapkalık bir askı beğenmiş.,1,1,TRUE,0,,,A,,21,1,,,,,
3,h,atkı,ve,şapka,exp,Leyla eski çarşıda atkılık ve şapkalık bir askı beğenmiş.,1,1,TRUE,0,,,B,,22,2,,,,,
4,a,limon,ve,portakal,exp,Burak tatlı için limon ve portakalcı bir satıcıdan sipariş vermiş.,0,0,TRUE,0,,,D,,23,1,,,,,
4,b,limon,ve,portakal,exp,Burak tatlı için limoncu ve portakalcı bir satıcıdan sipariş vermiş.,0,0,TRUE,0,,,E,,24,3,,,,,
4,c,limon,ve,portakal,exp,Burak tatlı için limon ve portakallı bir tarif bulmuş.,1,1,TRUE,0,,,F,,25,2,,,,,
4,d,limon,ve,portakal,exp,Burak tatlı için limonlu ve portakallı bir tarif bulmuş.,0,0,TRUE,0,,,G,,26,2,,,,,
4,e,limon,ve,portakal,exp,Burak tatlı için limon ve portakalsız bir tarif bulmuş.,1,1,TRUE,0,,,H,,27,4,,,,,
4,f,limon,ve,portakal,exp,Burak tatlı için limonsuz ve portakalsız bir tarif bulmuş.,0,0,TRUE,0,,,A,,28,2,,,,,
4,g,limon,ve,portakal,exp,Burak tatlı için limon ve portakallık bir tabak hazırlamış.,1,1,TRUE,0,,,B,,29,3,,,,,
4,h,limon,ve,portakal,exp,Burak tatlı için limonluk ve portakallık bir tabak hazırlamış.,0,0,TRUE,0,,,C,,30,3,,,,,
5,a,tablo,ve,vazo,exp,Ece yılbaşı için tablo ve vazocu bir dükkana uğradı.,0,0,TRUE,0,,,E,,31,4,,,,,
5,b,tablo,ve,vazo,exp,Ece yılbaşı için tablocu ve vazocu bir dükkana uğradı.,0,0,TRUE,0,,,F,,32,4,,,,,
5,c,tablo,ve,vazo,exp,Ece yılbaşı için tablo ve vazolu bir masa aldı.,1,1,TRUE,0,,,G,,101,0,,,,,
5,d,tablo,ve,vazo,exp,Ece yılbaşı için tablolu ve vazolu bir masa aldı.,0,0,TRUE,0,,,H,,102,0,,,,,
5,e,tablo,ve,vazo,exp,Ece yılbaşı için tablo ve vazosuz bir masa seçti.,1,1,TRUE,0,,,A,,103,0,,,,,
5,f,tablo,ve,vazo,exp,Ece yılbaşı için tablosuz ve vazosuz bir masa seçti.,0,0,TRUE,0,,,B,,104,0,,,,,
5,g,tablo,ve,vazo,exp,Ece yılbaşı için tablo ve vazoluk bir masa aldı.,1,1,TRUE,0,,,C,,105,0,,,,,
5,h,tablo,ve,vazo,exp,Ece yılbaşı için tabloluk ve vazoluk bir masa aldı.,0,0,TRUE,0,,,D,,106,0,,,,,
6,a,muz,ve,havuç,exp,Ali diyetteyken muz ve havuççu bir tezgahtara uğrardı.,0,0,TRUE,0,,,F,,107,0,,,,,
6,b,muz,ve,havuç,exp,Ali diyetteyken muzcu ve havuççu bir tezgahtara uğrardı.,0,0,TRUE,0,,,G,,108,0,,,,,
6,c,muz,ve,havuç,exp,Ali diyetteyken muz ve havuçlu bir kek yapardı.,0,0,TRUE,0,,,H,,109,0,,,,,
6,d,muz,ve,havuç,exp,Ali diyetteyken muzlu ve havuçlu bir kek yapardı.,0,0,TRUE,0,,,A,,110,0,,,,,
6,e,muz,ve,havuç,exp,Ali diyetteyken muz ve havuçsuz bir kek yapardı.,0,0,TRUE,0,,,B,,111,0,,,,,
6,f,muz,ve,havuç,exp,Ali diyetteyken muzsuz ve havuçsuz bir kek yapardı.,0,0,TRUE,0,,,C,,112,0,,,,,
6,g,muz,ve,havuç,exp,Ali diyetteyken muz ve havuçluk bir saklama kabı almıştı.,1,1,TRUE,0,,,D,,113,0,,,,,
6,h,muz,ve,havuç,exp,Ali diyetteyken muzluk ve havuçluk bir saklama kabı almıştı.,0,0,TRUE,0,,,E,,114,0,,,,,
7,a,battaniye,ve,halı,exp,Dilek çeyiz alşverişi için battaniye ve halıcı bir züccaciyeciye gidecekmiş.,0,0,TRUE,0,,,G,,115,0,,,,,
7,b,battaniye,ve,halı,exp,Dilek çeyiz alşverişi için battaniyeci ve halıcı bir züccaciyeciye gidecekmiş.,0,0,TRUE,0,,,H,,116,0,,,,,
7,c,battaniye,ve,halı,exp,Dilek çeyiz alşverişi için battaniye ve halılı bir paket seçmiş.,1,1,TRUE,0,,,A,,117,0,,,,,
7,d,battaniye,ve,halı,exp,Dilek çeyiz alşverişi için battaniyeli ve halılı bir paket seçmiş.,0,0,TRUE,0,,,B,,118,0,,,,,
7,e,battaniye,ve,halı,exp,Dilek çeyiz alşverişi için battaniye ve halısız bir paket seçmiş.,1,1,TRUE,0,,,C,,119,0,,,,,
7,f,battaniye,ve,halı,exp,Dilek çeyiz alşverişi için battaniyesiz ve halısız bir paket seçmiş.,0,0,TRUE,0,,,D,,120,0,,,,,
7,g,battaniye,ve,halı,exp,Dilek çeyiz alşverişi için battaniye ve halılık bir indirim bulmuş.,1,1,TRUE,0,,,E,,121,0,,,,,
7,h,battaniye,ve,halı,exp,Dilek çeyiz alşverişi için battaniyelik ve halılık bir indirim bulmuş.,1,1,TRUE,0,,,F,,122,0,,,,,
8,a,kapı,ve,pencere,exp,Selin tamir için kapı ve pencereci bir marangozla anlaşmış.,0,0,TRUE,0,,,H,,123,0,,,,,
8,b,kapı,ve,pencere,exp,Selin tamir için kapıcı ve pencereci bir marangozla anlaşmış.,0,0,TRUE,0,,,A,,124,0,,,,,
8,c,kapı,ve,pencere,exp,Selin tamir için kapı ve pencereli bir atölye tasarlamış.,1,1,TRUE,0,,,B,,201,0,,,,,
8,d,kapı,ve,pencere,exp,Selin tamir için kapılı ve pencereli bir atölye tasarlamış.,0,0,TRUE,0,,,C,,202,0,,,,,
8,e,kapı,ve,pencere,exp,Selin tamir için kapı ve penceresiz bir atölye tasarlamış.,1,1,TRUE,0,,,D,,203,0,,,,,
8,f,kapı,ve,pencere,exp,Selin tamir için kapısız ve penceresiz bir atölye tasarlamış.,0,0,TRUE,0,,,E,,204,0,,,,,
8,g,kapı,ve,pencere,exp,Selin tamir için kapı ve pencerelik bir desen seçmiş.,1,1,TRUE,0,,,F,,205,0,,,,,
8,h,kapı,ve,pencere,exp,Selin tamir için kapılık ve pencerelik bir desen seçmiş.,0,0,TRUE,0,,,G,,206,0,,,,,
9,a,anne,ve,baba,exp,Zeynep bu hafta anne ve babacı bir yeğeniyle ilgilendi.,0,0,TRUE,0,,,A,,207,0,,,,,
9,b,anne,ve,baba,exp,Zeynep bu hafta anneci ve babacı bir yeğeniyle ilgilendi.,0,0,TRUE,0,,,B,,208,0,,,,,
9,c,anne,ve,baba,exp,Zeynep bu hafta anne ve babalı bir toplantıya katıldı.,0,0,TRUE,0,,,C,,209,0,,,,,
9,d,anne,ve,baba,exp,Zeynep bu hafta anneli ve babalı bir toplantıya katıldı.,0,0,TRUE,0,,,D,,210,0,,,,,
9,e,anne,ve,baba,exp,Zeynep yıllar önce anne ve babasız bir çocukluk geçirdi.,0,0,TRUE,0,,,E,,211,0,,,,,
9,f,anne,ve,baba,exp,Zeynep yıllar önce annesiz ve babasız bir çocukluk geçirdi.,0,0,TRUE,0,,,F,,212,0,,,,,
9,g,anne,ve,baba,exp,Zeynep yıllar önce anne ve babalık bir görev üstlendi.,0,0,TRUE,0,,,G,,213,0,,,,,
9,h,anne,ve,baba,exp,Zeynep yıllar önce annelik ve babalık bir görev üstlendi.,0,0,TRUE,0,,,H,,214,0,,,,,
10,a,kedi,ve,köpek,exp,Ali her hafta kedi ve köpekçi bir komşusuyla sohbet eder.,0,0,TRUE,0,,,B,,215,0,,,,,
10,b,kedi,ve,köpek,exp,Ali her hafta kedici ve köpekçi bir komşusuyla sohbet eder.,0,0,TRUE,0,,,C,,216,0,,,,,
10,c,kedi,ve,köpek,exp,Ali geçen ay kedi ve köpekli bir veteriner kliniği açtı.,0,0,TRUE,0,,,D,,217,0,,,,,
10,d,kedi,ve,köpek,exp,Ali geçen ay kedili ve köpekli bir veteriner kliniği açtı.,0,0,TRUE,0,,,E,,218,0,,,,,
10,e,kedi,ve,köpek,exp,Ali uzun zamandır kedi ve köpeksiz bir apartmanda yaşıyor.,0,0,TRUE,0,,,F,,219,0,,,,,
10,f,kedi,ve,köpek,exp,Ali uzun zamandır kedisiz ve köpeksiz bir apartmanda yaşıyor.,1,1,TRUE,0,,,G,,220,0,,,,,
10,g,kedi,ve,köpek,exp,Ali yeni firmada kedi ve köpeklik bir tasarım yaptı.,0,0,TRUE,0,,,H,,221,0,,,,,
10,h,kedi,ve,köpek,exp,Ali yeni firmada kedilik ve köpeklik bir tasarım yaptı.,0,0,TRUE,0,,,A,,222,0,,,,,
11,a,bilim,ve,teknoloji,exp,Ahmet yabancı bir üniversitede bilim ve teknolojici bir araştırmaya katıldı.,0,0,TRUE,0,,,C,,223,0,,,,,
11,b,bilim,ve,teknoloji,exp,Ahmet yabancı bir üniversitede bilimci ve teknolojici bir araştırmaya katıldı.,0,0,TRUE,0,,,D,,224,0,,,,,
11,c,bilim,ve,teknoloji,exp,Ahmet yabancı bir üniversitede bilim ve teknolojili bir eğitim sistemi savundu.,1,1,TRUE,0,,,E,,225,0,,,,,
11,d,bilim,ve,teknoloji,exp,Ahmet yabancı bir üniversitede bilimli ve teknolojili bir eğitim sistemi savundu.,0,0,TRUE,0,,,F,,226,0,,,,,
11,e,bilim,ve,teknoloji,exp,Ahmet yabancı bir üniversitede bilim ve teknolojisiz bir düşünceyi eleştirdi.,0,0,TRUE,0,,,G,,227,0,,,,,
11,f,bilim,ve,teknoloji,exp,Ahmet yabancı bir üniversitede bilimsiz ve teknolojisiz bir düşünceyi eleştirdi.,0,0,TRUE,0,,,H,,228,0,,,,,
11,g,bilim,ve,teknoloji,exp,Ahmet yabancı bir üniversitede bilim ve teknolojilik bir dergi çıkardı.,0,0,TRUE,0,,,A,,229,0,,,,,
11,h,bilim,ve,teknoloji,exp,Ahmet yabancı bir üniversitede bilimlik ve teknolojilik bir dergi çıkardı.,0,0,TRUE,0,,,B,,230,0,,,,,
12,a,ev,ve,bahçe,exp,Merve yeni villası için ev ve bahçeci bir peyzaj tasarımcısıyla anlaştı.,0,0,TRUE,0,,,D,,231,0,,,,,
12,b,ev,ve,bahçe,exp,Merve yeni villası için evci ve bahçeci bir peyzaj tasarımcısıyla anlaştı.,0,0,TRUE,0,,,E,,232,0,,,,,
12,c,ev,ve,bahçe,exp,Merve yaz tatilinde ev ve bahçeli bir tatil köyünü ziyaret etti.,0,0,TRUE,0,,,F,,233,0,,,,,
12,d,ev,ve,bahçe,exp,Merve yaz tatilinde evli ve bahçeli bir tatil köyünü ziyaret etti.,0,0,TRUE,0,,,G,,234,0,,,,,
12,e,ev,ve,bahçe,exp,Merve yeni hayatında ev ve bahçesiz bir şehir hayatı yaşıyor.,0,0,TRUE,0,,,H,,235,0,,,,,
12,f,ev,ve,bahçe,exp,Merve yeni hayatında evsiz ve bahçesiz bir şehir hayatı yaşıyor.,1,1,TRUE,0,,,A,,236,0,,,,,
12,g,ev,ve,bahçe,exp,Merve aile mirasıyla ev ve bahçelik bir arsa satın aldı.,1,1,TRUE,0,,,B,,237,0,,,,,
12,h,ev,ve,bahçe,exp,Merve aile mirasıyla evlik ve bahçelik bir arsa satın aldı.,0,0,TRUE,0,,,C,,238,0,,,,,
13,a,şehir,ve,köy,exp,Emin geçen tatilde şehir ve köycü bir yazarın kitabını okudu.,0,0,TRUE,0,,,E,,239,0,,,,,
13,b,şehir,ve,köy,exp,Emin geçen tatilde şehirci ve köycü bir yazarın kitabını okudu.,0,0,TRUE,0,,,F,,240,0,,,,,
13,c,şehir,ve,köy,exp,Emin geçen tatilde şehir ve köylü bir topluluk projesine katıldı.,0,0,TRUE,0,,,G,,Grand Total,75,,,,,
13,d,şehir,ve,köy,exp,Emin geçen tatilde şehirli ve köylü bir topluluk projesine katıldı.,0,0,TRUE,0,,,H,,,,,,,,
13,e,şehir,ve,köy,exp,Emin geçen tatilde şehir ve köysüz bir gezi yaptı.,0,0,TRUE,0,,,A,,,,,,,,
13,f,şehir,ve,köy,exp,Emin geçen tatilde şehirsiz ve köysüz bir gezi yaptı.,0,0,TRUE,0,,,B,,,,,,,,
13,g,şehir,ve,köy,exp,Emin geçen tatilde şehir ve köylük bir bölgeyi gezdi.,1,1,TRUE,0,,,C,,,,,,,,
13,h,şehir,ve,köy,exp,Emin geçen tatilde şehirlik ve köylük bir bölgeyi gezdi.,0,0,TRUE,0,,,D,,,,,,,,
14,a,fare,ve,aslan,exp,Elif gençlik yıllarında fare ve aslancı bir hikaye yazdı.,0,0,TRUE,0,,,F,,,,,,,,
14,b,fare,ve,aslan,exp,Elif gençlik yıllarında fareci ve aslancı bir hikaye yazdı.,0,0,TRUE,0,,,G,,,,,,,,
14,c,fare,ve,aslan,exp,Elif küçük bir çocukken fare ve aslanlı bir masal dinledi.,1,1,TRUE,0,,,H,,,,,,,,
14,d,fare,ve,aslan,exp,Elif küçük bir çocukken fareli ve aslanlı bir masal dinledi.,0,0,TRUE,0,,,A,,,,,,,,
14,e,fare,ve,aslan,exp,Elif gençlik yıllarında fare ve aslansız bir oyun sahneledi.,0,0,TRUE,0,,,B,,,,,,,,
14,f,fare,ve,aslan,exp,Elif gençlik yıllarında faresiz ve aslansız bir oyun sahneledi.,0,0,TRUE,0,,,C,,,,,,,,
14,g,fare,ve,aslan,exp,Elif takım oyununda fare ve aslanlık bir sembol seçti.,1,1,TRUE,0,,,D,,,,,,,,
14,h,fare,ve,aslan,exp,Elif takım oyununda farelik ve aslanlık bir sembol seçti.,0,0,TRUE,0,,,E,,,,,,,,
15,a,sürahi,ve,bardak,exp,Deniz misafir beklerken sürahi ve bardakçı bir antikacıdan alışveriş yaptı.,0,0,TRUE,0,,,G,,,,,,,,
15,b,sürahi,ve,bardak,exp,Deniz misafir beklerken sürahici ve bardakçı bir antikacıdan alışveriş yaptı.,0,0,TRUE,0,,,H,,,,,,,,
15,c,sürahi,ve,bardak,exp,Deniz misafir beklerken sürahi ve bardaklı bir konsept hazırladı.,1,1,TRUE,0,,,A,,,,,,,,
15,d,sürahi,ve,bardak,exp,Deniz misafir beklerken sürahili ve bardaklı bir konsept hazırladı.,0,0,TRUE,0,,,B,,,,,,,,
15,e,sürahi,ve,bardak,exp,Deniz misafir beklerken sürahi ve bardaksız bir sofra kurdu.,0,0,TRUE,0,,,C,,,,,,,,
15,f,sürahi,ve,bardak,exp,Deniz misafir beklerken sürahisiz ve bardaksız bir sofra kurdu.,0,0,TRUE,0,,,D,,,,,,,,
15,g,sürahi,ve,bardak,exp,Deniz misafir beklerken sürahi ve bardaklık bir raf yaptırdı.,1,1,TRUE,0,,,E,,,,,,,,
15,h,sürahi,ve,bardak,exp,Deniz misafir beklerken sürahilik ve bardaklık bir raf yaptırdı.,1,1,TRUE,0,,,F,,,,,,,,
16,a,çiftlik,ve,fabrika,exp,Okan üniversite yıllarında çiftlik ve fabrikacı bir yatırımcıyla görüştü.,0,0,TRUE,0,,,H,,,,,,,,
16,b,çiftlik,ve,fabrika,exp,Okan üniversite yıllarında çiftlikçi ve fabrikacı bir yatırımcıyla görüştü.,0,0,TRUE,0,,,A,,,,,,,,
16,c,çiftlik,ve,fabrika,exp,Okan üniversite yıllarında çiftlik ve fabrikalı bir işletme kurdu.,1,1,TRUE,0,,,B,,,,,,,,
16,d,çiftlik,ve,fabrika,exp,Okan üniversite yıllarında çiftlikli ve fabrikalı bir işletme kurdu.,0,0,TRUE,0,,,C,,,,,,,,
16,e,çiftlik,ve,fabrika,exp,Okan üniversite yıllarında çiftlik ve fabrikasız bir iş modeli önerdi.,1,1,TRUE,0,,,D,,,,,,,,
16,f,çiftlik,ve,fabrika,exp,Okan üniversite yıllarında çiftliksiz ve fabrikasız bir iş modeli önerdi.,0,0,TRUE,0,,,E,,,,,,,,
16,g,çiftlik,ve,fabrika,exp,Okan üniversite yıllarında çiftlik ve fabrikalık bir proje sundu.,1,1,TRUE,0,,,F,,,,,,,,
16,h,çiftlik,ve,fabrika,exp,Okan üniversite yıllarında çiftliklik ve fabrikalık bir proje sundu.,0,0,TRUE,0,,,G,,,,,,,,
17,a,tepe,ve,nehir,exp,Eylül kamp yaparken tepe ve nehirci bir rehberle doğa yürüyüşüne çıktı.,0,0,TRUE,0,,,A,,,,,,,,
17,b,tepe,ve,nehir,exp,Eylül kamp yaparken tepeci ve nehirci bir rehberle doğa yürüyüşüne çıktı.,0,0,TRUE,0,,,B,,,,,,,,
17,c,tepe,ve,nehir,exp,Eylül kamp yaparken tepe ve nehirli bir alan seçti.,1,1,TRUE,0,,,C,,,,,,,,
17,d,tepe,ve,nehir,exp,Eylül kamp yaparken tepeli ve nehirli bir alan seçti.,0,0,TRUE,0,,,D,,,,,,,,
17,e,tepe,ve,nehir,exp,Eylül kamp yaparken tepe ve nehirsiz bir manzara gördü.,1,1,TRUE,0,,,E,,,,,,,,
17,f,tepe,ve,nehir,exp,Eylül kamp yaparken tepesiz ve nehirsiz bir manzara gördü.,0,0,TRUE,0,,,F,,,,,,,,
17,g,tepe,ve,nehir,exp,Eylül kamp yaparken tepe ve nehirlik bir arazi satın aldı.,1,1,TRUE,0,,,G,,,,,,,,
17,h,tepe,ve,nehir,exp,Eylül kamp yaparken tepelik ve nehirlik bir arazi satın aldı.,1,1,TRUE,0,,,H,,,,,,,,
18,a,okul,ve,cami,exp,Nevzat genç bir stajyerken okul ve camici bir mimarın eserlerini inceledi.,1,1,TRUE,0,,,B,,,,,,,,
18,b,okul,ve,cami,exp,Nevzat genç bir stajyerken okulcu ve camici bir mimarın eserlerini inceledi.,0,0,TRUE,0,,,C,,,,,,,,
18,c,okul,ve,cami,exp,Nevzat genç bir stajyerken okul ve camili bir mahallede oturdu.,0,0,TRUE,0,,,D,,,,,,,,
18,d,okul,ve,cami,exp,Nevzat genç bir stajyerken okullu ve camili bir mahallede oturdu.,0,0,TRUE,0,,,E,,,,,,,,
18,e,okul,ve,cami,exp,Nevzat genç bir stajyerken okul ve camisiz bir projeye destek verdi.,0,0,TRUE,0,,,F,,,,,,,,
18,f,okul,ve,cami,exp,Nevzat genç bir stajyerken okulsuz ve camisiz bir projeye destek verdi.,0,0,TRUE,0,,,G,,,,,,,,
18,g,okul,ve,cami,exp,Nevzat genç bir stajyerken okul ve camilik bir alanın korunmasını önerdi.,1,1,TRUE,0,,,H,,,,,,,,
18,h,okul,ve,cami,exp,Nevzat genç bir stajyerken okulluk ve camilik bir alanın korunmasını önerdi.,0,0,TRUE,0,,,A,,,,,,,,
19,a,gece,ve,gündüz,exp,Zühre son yolculukta gece ve gündüzcü bir rehberle tanıştı.,0,0,TRUE,0,,,C,,,,,,,,
19,b,gece,ve,gündüz,exp,Zühre son yolculukta gececi ve gündüzcü bir rehberle tanıştı.,0,0,TRUE,0,,,D,,,,,,,,
19,c,gece,ve,gündüz,exp,Zühre son yolculukta gece ve gündüzlü bir seyahat planı hazırladı.,0,0,TRUE,0,,,E,,,,,,,,
19,d,gece,ve,gündüz,exp,Zühre son yolculukta geceli ve gündüzlü bir seyahat planı hazırladı.,0,0,TRUE,0,,,F,,,,,,,,
19,e,gece,ve,gündüz,exp,Zühre son yolculukta gece ve gündüzsüz bir tren yolculuğu önerdi.,0,0,TRUE,0,,,G,,,,,,,,
19,f,gece,ve,gündüz,exp,Zühre son yolculukta gecesiz ve gündüzsüz bir tren yolculuğu önerdi.,0,0,TRUE,0,,,H,,,,,,,,
19,g,gece,ve,gündüz,exp,Zühre son yolculukta gece ve gündüzlük bir program belirledi.,0,0,TRUE,0,,,A,,,,,,,,
19,h,gece,ve,gündüz,exp,Zühre son yolculukta gecelik ve gündüzlük bir program belirledi.,0,0,TRUE,0,,,B,,,,,,,,
20,a,büyükanne,ve,dede,exp,Fehime düğünden önce büyükanne ve dedeci bir gelenek hakkında yazı okudu.,0,0,TRUE,0,,,D,,,,,,,,
20,b,büyükanne,ve,dede,exp,Fehime düğünden önce büyükanneci ve dedeci bir gelenek hakkında yazı okudu.,0,0,TRUE,0,,,E,,,,,,,,
20,c,büyükanne,ve,dede,exp,Fehime düğünden önce büyükanne ve dedeli bir aile hayatını irdeledi.,0,0,TRUE,0,,,F,,,,,,,,
20,d,büyükanne,ve,dede,exp,Fehime düğünden önce büyükanneli ve dedeli bir aile hayatını irdeledi.,0,0,TRUE,0,,,G,,,,,,,,
20,e,büyükanne,ve,dede,exp,Fehime düğünden önce büyükanne ve dedesiz bir aile hayatını irdeledi.,0,0,TRUE,0,,,H,,,,,,,,
20,f,büyükanne,ve,dede,exp,Fehime düğünden önce büyükannesiz ve dedesiz bir aile hayatını irdeledi.,0,0,TRUE,0,,,A,,,,,,,,
20,g,büyükanne,ve,dede,exp,Fehime düğünden önce büyükanne ve dedelik ilişkisi üzerine bir roman okudu.,0,0,TRUE,0,,,B,,,,,,,,
20,h,büyükanne,ve,dede,exp,Fehime düğünden önce büyükannelik ve dedelik ilişkisi üzerine bir roman okudu.,0,0,TRUE,0,,,C,,,,,,,,
21,a,abi,ve ,abla,exp,Mertcan dün akşam abi ve ablacı bir komşu çocuğuna baktı.,0,0,TRUE,0,,,E,,,,,,,,
21,b,abi,ve ,abla,exp,Mertcan dün akşam abici ve ablacı bir komşu çocuğuna baktı.,0,0,TRUE,0,,,F,,,,,,,,
21,c,abi,ve ,abla,exp,Mertcan dün akşam abi ve ablalı bir fotoğraf gösterdi.,1,1,TRUE,0,,,G,,,,,,,,
21,d,abi,ve ,abla,exp,Mertcan dün akşam abili ve ablalı bir fotoğraf gösterdi.,0,0,TRUE,0,,,H,,,,,,,,
21,e,abi,ve ,abla,exp,Mertcan dün akşam abi ve ablasız bir hayat düşündü.,0,0,TRUE,0,,,A,,,,,,,,
21,f,abi,ve ,abla,exp,Mertcan dün akşam abisiz ve ablasız bir hayat düşündü.,0,0,TRUE,0,,,B,,,,,,,,
21,g,abi,ve ,abla,exp,Mertcan dün akşam abi ve ablalık bir hediye aldı.,0,0,TRUE,0,,,C,,,,,,,,
21,h,abi,ve ,abla,exp,Mertcan dün akşam abilik ve ablalık bir hediye aldı.,0,0,TRUE,0,,,D,,,,,,,,
22,a,at,ve,balık,exp,Yankı geçen yaz at ve balıkçı bir işletme sahibiyle tanıştı.,0,0,TRUE,0,,,F,,,,,,,,
22,b,at,ve,balık,exp,Yankı geçen yaz atçı ve balıkçı bir işletme sahibiyle tanıştı.,0,0,TRUE,0,,,G,,,,,,,,
22,c,at,ve,balık,exp,Yankı geçen yaz at ve balıklı bir tablo aldı.,1,1,TRUE,0,,,H,,,,,,,,
22,d,at,ve,balık,exp,Yankı geçen yaz atlı ve balıklı bir tablo aldı.,0,0,TRUE,0,,,A,,,,,,,,
22,e,at,ve,balık,exp,Yankı geçen yaz at ve balıksız bir menü denedi.,1,1,TRUE,0,,,B,,,,,,,,
22,f,at,ve,balık,exp,Yankı geçen yaz atsız ve balıksız bir menü denedi.,0,0,TRUE,0,,,C,,,,,,,,
22,g,at,ve,balık,exp,Yankı geçen yaz at ve balıklık bir hayvanay bahçesi yaptırdı.,0,0,TRUE,0,,,D,,,,,,,,
22,h,at,ve,balık,exp,Yankı geçen yaz atlık ve balıklık bir hayvanay bahçesi yaptırdı.,0,0,TRUE,0,,,E,,,,,,,,
23,a,çatal,ve,bıçak,exp,Jale geçen hafta çatal ve bıçakçı bir esnaftan alışveriş yaptı.,0,0,TRUE,0,,,G,,,,,,,,
23,b,çatal,ve,bıçak,exp,Jale geçen hafta çatalcı ve bıçakçı bir esnaftan alışveriş yaptı.,0,0,TRUE,0,,,H,,,,,,,,
23,c,çatal,ve,bıçak,exp,Jale geçen hafta çatal ve bıçaklı bir masa kurdu.,0,0,TRUE,0,,,A,,,,,,,,
23,d,çatal,ve,bıçak,exp,Jale geçen hafta çatallı ve bıçaklı bir masa kurdu.,0,0,TRUE,0,,,B,,,,,,,,
23,e,çatal,ve,bıçak,exp,Jale geçen hafta çatal ve bıçaksız bir piknik yaptı.,0,0,TRUE,0,,,C,,,,,,,,
23,f,çatal,ve,bıçak,exp,Jale geçen hafta çatalsız ve bıçaksız bir piknik yaptı.,0,0,TRUE,0,,,D,,,,,,,,
23,g,çatal,ve,bıçak,exp,Jale geçen hafta çatal ve bıçaklık bir dolap aldı.,1,1,TRUE,0,,,E,,,,,,,,
23,h,çatal,ve,bıçak,exp,Jale geçen hafta çatallık ve bıçaklık bir dolap aldı.,0,0,TRUE,0,,,F,,,,,,,,
24,a,göz,ve,kulak,exp,Neval ders çalışırken göz ve kulakçı bir doktorla konuştu.,0,0,TRUE,0,,,H,,,,,,,,
24,b,göz,ve,kulak,exp,Neval ders çalışırken gözcü ve kulakçı bir doktorla konuştu.,0,0,TRUE,0,,,A,,,,,,,,
24,c,göz,ve,kulak,exp,Neval ders çalışırken göz ve kulaklı bir robot gördü.,1,1,TRUE,0,,,B,,,,,,,,
24,d,göz,ve,kulak,exp,Neval ders çalışırken gözlü ve kulaklı bir robot gördü.,0,0,TRUE,0,,,C,,,,,,,,
24,e,göz,ve,kulak,exp,Neval ders çalışırken göz ve kulaksız bir heykel çizdi.,1,1,TRUE,0,,,D,,,,,,,,
24,f,göz,ve,kulak,exp,Neval ders çalışırken gözsüz ve kulaksız bir heykel çizdi.,0,0,TRUE,0,,,E,,,,,,,,
24,g,göz,ve,kulak,exp,Neval ders çalışırken göz ve kulaklık bir kutu açtı.,0,0,TRUE,0,,,F,,,,,,,,
24,h,göz,ve,kulak,exp,Neval ders çalışırken gözlük ve kulaklık bir kutu açtı.,1,1,TRUE,0,,,G,,,,,,,,
25,a,burun,ve,boyun,exp,İzel toplantı sırasında burun ve boyuncu bir doktordan bahsetti.,0,0,TRUE,0,,,A,,,,,,,,
25,b,burun,ve,boyun,exp,İzel toplantı sırasında buruncu ve boyuncu bir doktordan bahsetti.,0,0,TRUE,0,,,B,,,,,,,,
25,c,burun,ve,boyun,exp,İzel toplantı sırasında özel burun ve boyunlu bir maske inceledi.,1,1,TRUE,0,,,C,,,,,,,,
25,d,burun,ve,boyun,exp,İzel toplantı sırasında özel burunlu ve boyunlu bir maske inceledi.,0,0,TRUE,0,,,D,,,,,,,,
25,e,burun,ve,boyun,exp,İzel toplantı sırasında burun ve boyunsuz bir mumya fotoğrafı gösterdi.,1,1,TRUE,0,,,E,,,,,,,,
25,f,burun,ve,boyun,exp,İzel toplantı sırasında burunsuz ve boyunsuz bir mumya fotoğrafı gösterdi.,0,0,TRUE,0,,,F,,,,,,,,
25,g,burun,ve,boyun,exp,İzel toplantı sırasında burun ve boyunluk bir atkı ördü.,0,0,TRUE,0,,,G,,,,,,,,
25,h,burun,ve,boyun,exp,İzel toplantı sırasında burunluk ve boyunluk bir atkı ördü.,0,0,TRUE,0,,,H,,,,,,,,
26,a,hayalet,ve,canavar,exp,Sinan gece yarısı hayalet ve canavarcı bir yazarla röportaj yaptı.,0,0,TRUE,0,,,B,,,,,,,,
26,b,hayalet,ve,canavar,exp,Sinan gece yarısı hayaletçi ve canavarcı bir yazarla röportaj yaptı.,0,0,TRUE,0,,,C,,,,,,,,
26,c,hayalet,ve,canavar,exp,Sinan gece yarısı hayalet ve canavarlı bir hikâye okudu.,0,0,TRUE,0,,,D,,,,,,,,
26,d,hayalet,ve,canavar,exp,Sinan gece yarısı hayaletli ve canavarlı bir hikâye okudu.,0,0,TRUE,0,,,E,,,,,,,,
26,e,hayalet,ve,canavar,exp,Sinan gece yarısı hayalet ve canavarsız bir film izledi.,1,1,TRUE,0,,,F,,,,,,,,
26,f,hayalet,ve,canavar,exp,Sinan gece yarısı hayaletsiz ve canavarsız bir film izledi.,0,0,TRUE,0,,,G,,,,,,,,
26,g,hayalet,ve,canavar,exp,Sinan gece yarısı hayalet ve canavarlık bir sahne tasarladı.,1,1,TRUE,0,,,H,,,,,,,,
26,h,hayalet,ve,canavar,exp,Sinan gece yarısı hayaletlik ve canavarlık bir sahne tasarladı.,0,0,TRUE,0,,,A,,,,,,,,
27,a,orman,ve,çöl,exp,Baran araştırması için orman ve çölcü bir araştırmacıyla anlaştı.,0,0,TRUE,0,,,C,,,,,,,,
27,b,orman,ve,çöl,exp,Baran araştırması için ormancı ve çölcü bir araştırmacıyla anlaştı.,0,0,TRUE,0,,,D,,,,,,,,
27,c,orman,ve,çöl,exp,Baran araştırması için orman ve çöllü bir harita inceledi.,1,1,TRUE,0,,,E,,,,,,,,
27,d,orman,ve,çöl,exp,Baran araştırması için ormanlı ve çöllü bir harita inceledi.,0,0,TRUE,0,,,F,,,,,,,,
27,e,orman,ve,çöl,exp,Baran araştırması için orman ve çölsüz bir bölge seçti.,1,1,TRUE,0,,,G,,,,,,,,
27,f,orman,ve,çöl,exp,Baran araştırması için ormansız ve çölsüz bir bölge seçti.,0,0,TRUE,0,,,H,,,,,,,,
27,g,orman,ve,çöl,exp,Baran araştırması için orman ve çöllük bir alan çizdi.,1,1,TRUE,0,,,A,,,,,,,,
27,h,orman,ve,çöl,exp,Baran araştırması için ormanlık ve çöllük bir alan çizdi.,1,1,TRUE,0,,,B,,,,,,,,
28,a,avukat,ve,doktor,exp,Yasemin mezuniyetinden önce doktor ve avukatçı bir derneğe katıldı.,0,0,TRUE,0,,,D,,,,,,,,
28,b,avukat,ve,doktor,exp,Yasemin mezuniyetinden önce doktorcu ve avukatçı bir derneğe katıldı.,0,0,TRUE,0,,,E,,,,,,,,
28,c,avukat,ve,doktor,exp,Yasemin mezuniyetinden önce doktor ve avukatlı bir skeç yazdı.,0,0,TRUE,0,,,F,,,,,,,,
28,d,avukat,ve,doktor,exp,Yasemin mezuniyetinden önce doktorlu ve avukatlı bir skeç yazdı.,0,0,TRUE,0,,,G,,,,,,,,
28,e,avukat,ve,doktor,exp,Yasemin mezuniyetinden önce doktor ve avukatsız bir mizansen canlandırdı.,1,1,TRUE,0,,,H,,,,,,,,
28,f,avukat,ve,doktor,exp,Yasemin mezuniyetinden önce doktorsuz ve avukatsız bir mizansen canlandırdı.,0,0,TRUE,0,,,A,,,,,,,,
28,g,avukat,ve,doktor,exp,Yasemin mezuniyetinden önce doktor ve avukatlık bir kimlik seçti.,1,1,TRUE,0,,,B,,,,,,,,
28,h,avukat,ve,doktor,exp,Yasemin mezuniyetinden önce doktorluk ve avukatlık bir kimlik seçti.,0,0,TRUE,0,,,C,,,,,,,,
29,a,ejderha,ve,peri,exp,Melis çocuk kitabı için ejderha ve perici bir illüstratörle çalıştı.,0,0,TRUE,0,,,E,,,,,,,,
29,b,ejderha,ve,peri,exp,Melis çocuk kitabı için ejderhacı ve perici bir illüstratörle çalıştı.,0,0,TRUE,0,,,F,,,,,,,,
29,c,ejderha,ve,peri,exp,Melis çocuk kitabı için ejderha ve perili bir sahne tasarladı.,1,1,TRUE,0,,,G,,,,,,,,
29,d,ejderha,ve,peri,exp,Melis çocuk kitabı için ejderhalı ve perili bir sahne tasarladı.,0,0,TRUE,0,,,H,,,,,,,,
29,e,ejderha,ve,peri,exp,Melis çocuk kitabı için ejderha ve perisiz bir bölüm yazdı.,1,1,TRUE,0,,,A,,,,,,,,
29,f,ejderha,ve,peri,exp,Melis çocuk kitabı için ejderhasız ve perisiz bir bölüm yazdı.,0,0,TRUE,0,,,B,,,,,,,,
29,g,ejderha,ve,peri,exp,Melis çocuk kitabı için ejderha ve perilik bir seri başlatmayı düşündü.,1,1,TRUE,0,,,C,,,,,,,,
29,h,ejderha,ve,peri,exp,Melis çocuk kitabı için ejderhalık ve perilik bir seri başlatmayı düşündü.,0,0,TRUE,0,,,D,,,,,,,,
30,a,cenaze,ve,düğün,exp,Asuman dergi yazısı için düğün ve cenazeci bir fotoğrafçıyla anlaştı.,0,0,TRUE,0,,,F,,,,,,,,
30,b,cenaze,ve,düğün,exp,Asuman dergi yazısı için düğüncü ve cenazeci bir fotoğrafçıyla anlaştı.,0,0,TRUE,0,,,G,,,,,,,,
30,c,cenaze,ve,düğün,exp,Asuman dergi yazısı için düğün ve cenazeli bir belgesel izledi.,1,1,TRUE,0,,,H,,,,,,,,
30,d,cenaze,ve,düğün,exp,Asuman dergi yazısı için düğünlü ve cenazeli bir belgesel izledi.,0,0,TRUE,0,,,A,,,,,,,,
30,e,cenaze,ve,düğün,exp,Asuman dergi yazısı için düğün ve cenazesiz bir program önerdi.,1,1,TRUE,0,,,B,,,,,,,,
30,f,cenaze,ve,düğün,exp,Asuman dergi yazısı için düğünsüz ve cenazesiz bir program önerdi.,0,0,TRUE,0,,,C,,,,,,,,
30,g,cenaze,ve,düğün,exp,Asuman dergi yazısı için düğün ve cenazelik bir tema belirledi.,1,1,TRUE,0,,,D,,,,,,,,
30,h,cenaze,ve,düğün,exp,Asuman dergi yazısı için düğünlük ve cenazelik bir tema belirledi.,0,0,TRUE,0,,,E,,,,,,,,
31,a,gömlek,ve,pantolon,exp,Tülay sonbahar koleksiyonu için gömlek ve pantoloncu bir tasarımcıyla tanıştı.,0,0,TRUE,0,,,G,,,,,,,,
31,b,gömlek,ve,pantolon,exp,Tülay sonbahar koleksiyonu için gömlekçi ve pantoloncu bir tasarımcıyla tanıştı.,0,0,TRUE,0,,,H,,,,,,,,
31,c,gömlek,ve,pantolon,exp,Tülay sonbahar koleksiyonu için gömlek ve pantolonlu bir kombin hazırladı.,1,1,TRUE,0,,,A,,,,,,,,
31,d,gömlek,ve,pantolon,exp,Tülay sonbahar koleksiyonu için gömlekli ve pantolonlu bir kombin hazırladı.,0,0,TRUE,0,,,B,,,,,,,,
31,e,gömlek,ve,pantolon,exp,Tülay sonbahar koleksiyonu için gömlek ve pantolonsuz bir katalog inceledi.,1,1,TRUE,0,,,C,,,,,,,,
31,f,gömlek,ve,pantolon,exp,Tülay sonbahar koleksiyonu için gömleksiz ve pantolonsuz bir katalog inceledi.,0,0,TRUE,0,,,D,,,,,,,,
31,g,gömlek,ve,pantolon,exp,Tülay sonbahar koleksiyonu için gömlek ve pantolonluk bir kumaş sipariş etti.,1,1,TRUE,0,,,E,,,,,,,,
31,h,gömlek,ve,pantolon,exp,Tülay sonbahar koleksiyonu için gömleklik ve pantolonluk bir kumaş sipariş etti.,1,1,TRUE,0,,,F,,,,,,,,
32,a,taban,ve,tavan,exp,Aydan restorasyon projesi için taban ve tavancı bir ustayla görüştü.,0,0,TRUE,0,,,H,,,,,,,,
32,b,taban,ve,tavan,exp,Aydan restorasyon projesi için tabancı ve tavancı bir ustayla görüştü.,0,0,TRUE,0,,,A,,,,,,,,
32,c,taban,ve,tavan,exp,Aydan restorasyon projesi için taban ve tavanlı bir plan çizdi.,1,1,TRUE,0,,,B,,,,,,,,
32,d,taban,ve,tavan,exp,Aydan restorasyon projesi için tabanlı ve tavanlı bir plan çizdi.,0,0,TRUE,0,,,C,,,,,,,,
32,e,taban,ve,tavan,exp,Aydan restorasyon projesi için taban ve tavansız bir oda düşündü.,1,1,TRUE,0,,,D,,,,,,,,
32,f,taban,ve,tavan,exp,Aydan restorasyon projesi için tabansız ve tavansız bir oda düşündü.,0,0,TRUE,0,,,E,,,,,,,,
32,g,taban,ve,tavan,exp,Aydan restorasyon projesi için taban ve tavanlık bir malzeme seçti.,1,1,TRUE,0,,,F,,,,,,,,
32,h,taban,ve,tavan,exp,Aydan restorasyon projesi için tabanlık ve tavanlık bir malzeme seçti.,1,1,TRUE,0,,,G,,,,,,,,
101,ungram,,,,filler,Bugünkü yarışı kazanmak dostum Hasan çok istiyor.,,,,1,Hasan yarışı kazanmak istiyor mu?,Evet,,,,,,,,,
102,ungram,,,,filler,"Ahmet'in uskumruyu pişirmesi, Mehmet'in de ıstakozu duydum.",,,,1,Cümlede 'ıstakoz' kelimesi geçti mi?,Evet,,,,,,,,,
103,ungram,,,,filler,Yarışmada ödül aldı kadar mutlu bir kızdı.,,,,1,Kız mutsuz muydu?,Hayır,,,,,,,,,
104,ungram,,,,filler,Metin yeni çıkan romanı ve gazete okudu.,,,,1,Şiir okundu mu?,Hayır,,,,,,,,,
105,ungram,,,,filler,Mehmet Ayça'ya dün akşam dedi ki birbirini işe alacak.,,,,1,İşten kovacak mı?,Hayır,,,,,,,,,
106,ungram,,,,filler,Fazla içmiş senin gibi göründüğünün farkında değilsin anlaşılan.,,,,1,Fazla içilmiş mi?,Evet,,,,,,,,,
107,ungram,,,,filler,Bu işyeri yıllarca büyük emekler verip çalıştığımdır.,,,,1,Büyük emekler verilmiş mi?,Evet,,,,,,,,,
108,ungram,,,,filler,Binalar yapılmaya yeni başlayan çalışanlar tarafından başlandı.,,,,1,Cümlede 'patron' kelimesi geçti mi?,Hayır,,,,,,,,,
109,ungram,,,,filler,Çiçek veren adamın öldüğü kadına tanıyordum.,,,,1,Cümlede 'doğmak' kelimesi geçti mi?,Hayır,,,,,,,,,
110,ungram,,,,filler,Mühendisler herkese birbirlerinin işten attıklarını anlattılar.,,,,1,Cümlede 'mimar' kelimesi geçti mi?,Hayır,,,,,,,,,
111,ungram,,,,filler,Zabıtalar işportacının ceza aldıklarına duydu.,,,,1,Cümlede 'duymak' kelimesi geçti mi?,Evet,,,,,,,,,
112,ungram,,,,filler,Veliler için öğretmeni suçlamak kolay olduğunu düşünüyorlar.,,,,1,Cümlede 'suçlamak' kelimesi geçti mi?,Evet,,,,,,,,,
113,ungram,,,,filler,Kameramanın görüntüleri sosyal medyaya yüklemiş mi diye duydum.,,,,0,,,,,,,,,,,
114,ungram,,,,filler,Ziyaretçiye göre kendisine tanınan sürenin belirlendiği biliyordu.,,,,0,,,,,,,,,,,
115,ungram,,,,filler,Kütüphaneciden öğrenciye çalışma salonunda sabahladığını duyuldu.,,,,0,,,,,,,,,,,
116,ungram,,,,filler,Yavaş Hasan'ın konuşması rahatsız etmiş herkesi.,,,,0,,,,,,,,,,,
117,ungram,,,,filler,Mimarın tecrübeli olması herkesin işini daha kolaydı.,,,,0,,,,,,,,,,,
118,ungram,,,,filler,Kahve zammı sonrası öğrenciler çaya yönelmek şaşırtıcı oldu.,,,,0,,,,,,,,,,,
119,ungram,,,,filler,Geminin limana yanaşmak için yavaşlamalıyım.,,,,0,,,,,,,,,,,
120,ungram,,,,filler,Arkadaşım uzun bir kahvaltı yapmayı ve dışarı çıkmak istedi.,,,,0,,,,,,,,,,,
121,ungram,,,,filler,Yeni işe başlaması beri her sabah heyecanla uyanıyor.,,,,0,,,,,,,,,,,
122,ungram,,,,filler,Geçen ay egzersiz yapıp sonra pes ettiğimdir.,,,,0,,,,,,,,,,,
123,ungram,,,,filler,Kimse doktor geldiğinde zaten şaşırdı.,,,,0,,,,,,,,,,,
124,ungram,,,,filler,Sekreter kimsenin aradığını çoktan biliyordu.,,,,0,,,,,,,,,,,
201,gram,,,,filler,Doğum günü partisine arkadaşlarını ve akrabalarını çağırdılar.,,,,1,Cümlede 'akraba' kelimesi geçti mi?,Evet,,,,,,,,,
202,gram,,,,filler,Hediye çekiyle çocuklara ve yaşlılara yeni birer ayakkabı alındı.,,,,1,Alışveriş ayakkabı için miydi?,Evet,,,,,,,,,
203,gram,,,,filler,Piknik alanına yüksek ve zorlu tepeleri aşarak varmamız gerekti.,,,,1,Tepeler zorlu muydu?,Evet,,,,,,,,,
204,gram,,,,filler,Yeni düzenlemeler vatandaşları ve bakanları pek mutlu etmedi.,,,,0,,,,,,,,,,,
205,gram,,,,filler,Düğün günü koşturmaca arasında yaşlı ve yatalak dedesi ile de vedalaştı.,,,,1,Dede sağlıklı mı?,Hayır,,,,,,,,,
206,gram,,,,filler,Çalışma masasındaki kitapları ve defterleri her zaman düzenli bırakır.,,,,0,,,,,,,,,,,
207,gram,,,,filler,Alışveriş merkezinde gördüğü pahalı ayakkabıya ve çantaya bayılmış.,,,,0,,,,,,,,,,,
208,gram,,,,filler,Metin severek kullandığı kırmızı ve kalın atkıyı geçenlerde kaybetmiş.,,,,1,Cümlede 'mavi' kelimesi geçti mi?,Hayır,,,,,,,,,
209,gram,,,,filler,Sevda beslenme çantasındaki elmayı ve armutu çürüyene kadar bekletmiş.,,,,0,,,,,,,,,,,
210,gram,,,,filler,Kemal ve gazetecilerle ve yazarlarla yaptığı toplantıda önemli bilgiler paylaşmış.,,,,0,,,,,,,,,,,
211,gram,,,,filler,Belma mağazadaki parlak ve taşlı süslemeleri biraz demode buldu.,,,,0,,,,,,,,,,,
212,gram,,,,filler,Mesut çiftlikteki koyunları ve inekleri her gün tek tek sayıyor.,,,,0,,,,,,,,,,,
213,gram,,,,filler,Selin televizyona ve tablete internet bağlamakta sorun yaşıyor.,,,,0,,,,,,,,,,,
214,gram,,,,filler,Cem tavuklara ve horozlara yeni satılan pahalı yemden almış.,,,,0,,,,,,,,,,,
215,gram,,,,filler,Deniz papatyalardan ve lalerden renkli bir buket yaptırmış.,,,,1,Cümlede 'gül' kelimesi geçti mi?,Hayır,,,,,,,,,
216,gram,,,,filler,Osman doktordan ve hemşireden bir haber alabilmek için saatlerce bekledi.,,,,0,,,,,,,,,,,
217,gram,,,,filler,Tamirci oldukça ağır fırını ve buzdolabını işyerine taşımak zorunda kaldı.,,,,0,,,,,,,,,,,
218,gram,,,,filler,Yolcular kaptandan ve mürettebattan bir istekte bulunmaya çekiniyor.,,,,0,,,,,,,,,,,
219,gram,,,,filler,Toplantı boyunca müdürlerde ve öğretmenlerde gergin bir hava vardı.,,,,0,,,,,,,,,,,
220,gram,,,,filler,Umut son olaylardan sonra saygılı ve ileri görüşlü velilerden bu tepkiyi beklemiyordu.,,,,0,,,,,,,,,,,
221,gram,,,,filler,Tamir çantasındaki araç ve gereçler doğru düzgün çalışmıyor.,,,,1,Cümlede 'alet' kelimesi geçti mi?,Hayır,,,,,,,,,
222,gram,,,,filler,Kantindeki çay ve kahve fiyatlarına felaket bir zam yapılmış.,,,,1,Cümlede 'su' kelimesi geçti mi?,Hayır,,,,,,,,,
223,gram,,,,filler,Kahvaltı sofrasına sıcak ve taze ekmek olmadan oturulmaz.,,,,1,Cümlede 'sıcak' kelimesi geçti mi?,Evet,,,,,,,,,
224,gram,,,,filler,Yeni binadaki camlı ve yüksek bina her zaman çok temiz.,,,,0,,,,,,,,,,,
225,gram,,,,filler,Kamp alanına soğuk ve gazlı içecek götürmemize gerek yokmuş.,,,,0,,,,,,,,,,,
226,gram,,,,filler,Yeni eve kışlık ve kalın yorgan almak için biraz daha bekleyeceklermiş.,,,,1,Yorgan aldılar mı?,Hayır,,,,,,,,,
227,gram,,,,filler,Ayşe dikiş kutusunda iğne ve iplik kalmadığını daha yeni fark etti.,,,,1,Ayşe eksikleri fark etmiş mi?,Evet,,,,,,,,,
228,gram,,,,filler,Lisedeki matematik ve kimya dersleri herkesin korkulu rüyasıydı.,,,,1,Matematikten korkulur muydu?,Evet,,,,,,,,,
229,gram,,,,filler,Zeynep balo günü saç ve makyaj için yeni açılan kuaföre gitmiş.,,,,0,,,,,,,,,,,
230,gram,,,,filler,Melek uzun ve molasız otobüs yolcukluklarını pek tercih etmediğini söyledi.,,,,0,,,,,,,,,,,
231,gram,,,,filler,Zehra yeni evi için annesiyle çaydanlık ve tava seti almaya gitti.,,,,0,,,,,,,,,,,
232,gram,,,,filler,Doktorlar ağız ve burun ile alınan mikropların tehlikeli olduğunu belirtiyor.,,,,0,,,,,,,,,,,
233,gram,,,,filler,Stilist mankenlerin çoğuna sırt ve bacak dekoltesini yakıştırıyor.,,,,0,,,,,,,,,,,
234,gram,,,,filler,Derya geçen ay peşinat ve depozito ödemeden yeni bir ev kiralamış.,,,,0,,,,,,,,,,,
235,gram,,,,filler,Nejla çizim ve boyama öğrenmek için yeni bir kursa kaydoldu.,,,,0,,,,,,,,,,,
236,gram,,,,filler,Ali'nin partide giydiği pantolon ve ceket henüz temizlenmemiş.,,,,0,,,,,,,,,,,
237,gram,,,,filler,Bilge alışveriş sitesinden değişim için ödeme fişi ve makbuzu isteyecek.,,,,0,,,,,,,,,,,
238,gram,,,,filler,Leyla yıkama ve kurutma makinasının önündeki sırayı görünce geri döndü.,,,,0,,,,,,,,,,,
239,gram,,,,filler,Murat yemekhanedeki ıspana ve pırasa yemeklerinden nefret ediyor.,,,,0,,,,,,,,,,,
240,gram,,,,filler,Pelin bu dönemi hiç ödev ve sınav kaçırmadan tamamladı.,,,,0,,,,,,,,,,,